 sku,part_name,base_cost_price,srp_price,current_stock,shelf_id,stock_warning,is_active
01100342,BEARING - BALL,137,195,89,,,
01100711,RING - SHOULDER :- NO. 1 TO 5,28,40,,,,
01100712,RING - SHOULDER :- NO. 2,30,43,,,,
01100713,RING - SHOULDER :- NO. 3,30,43,,,,
01100714,RING - SHOULDER :- NO. 4,30,43,,,,
01160717,CLIP - LOCK,3,5,,,,
01180123,BALL - STEEL,1,2,,,,
01190205,WASHER - SPRING,1,2,,,,
03100335,BEARING - NEEDLE ROLLER,58,83,,,,
03170109,PIN,4,6,,,,
03180116,RING - O,1,2,,,,
03190206,WASHER - PLAIN,1,2,,,,
05101051,BREATHER ASSEMBLY,27,39,,,,
05151012,ADJUSTER WITH NUT,17,24,,,,
06191089,GRIP - HAND FOR CLASSIC,74,105,1,,,
06201083,LAMP :- 12V - 10W (18201044),20,29,,,,
06221028,PAD - SHOCK,3,5,,,,
15101171,RING -SPACER BOTH SIDE CIRCLP MAIN SHAFT,23,33,,,,
18201044,LAMP :- 12V - 10W - R 10W (6201083),20,29,18,,,
20201029,"LAMP :- 12V - 21/5W, P 21/5W",35,50,20,,,
21100711,CIRCLIP,13,18,,,,
21101427,SPRING,6,8,,,,
21101429,CLIP - SPRING,5,7,,,,
21150422,PACKING - COPPER WASHER,7,10,,,,
21160417,PLATE - REINFORCEMENT,14,20,,,,
21170419,CIRCLIP,11,15,,,,
21180307,KNOB,8,12,,,,
21180308,SPRING,3,5,,,,
22101115,GRIP - STARTING HANDLE,42,60,,,,
22101423,PLUG,11,15,,,,
22131014,SPACER,25,35,20,,,
22131018,GEAR - SATELLITE FOR REVACYCLE SYSTEM,105,150,20,,,
22150507,RATCHET,128,183,,,,
22151106,DRUM - BRAKE :- CAST IRON,"1,015","1,450",,,,
22161221,PLATE HOLDER,56,80,,,,
22170115,SEAL - OIL,23,33,,,,
22170118,SPACER,6,9,,,,
22170345,WASHER FOR RIM(24151297),27,39,,,,
22170434,BOLT FOR AXLE,14,20,59,,,
22171007,SEAL - OIL,28,40,42,,,
22181058,ASSLY. LOWER STEERING LOCK,48,69,,,,
22250132,CABLE ASSEMBLY - ELECTRIC :- WHITE,43,62,,,,
23161305,NIPPLE - GREASE,13,18,,,,
24101069,BREATHER ASSEMBLY,24,34,,,,
24101414,WASHER,11,15,,,,
24101419,NUT - HEX :- L. H. THREAD,4,6,,,,
24101421,PIN,13,18,,,,
24101422,PIN,14,20,,,,
24101720,BUSH FOR EYE PIN,6,8,,,,
24101830,ASSEMBLY SHAFT PROPELLER COMP.(24102003),784,"1,120",,,,
24102003,ASSEMBLY PROPELLER SHAFT(OLD 24101830),784,"1,120",2,,,
24102023,GRILL AIR INTAKE,39,55,,,,
24102046,BREATHER,32,46,,,,
24121069,PIN - FLOAT,13,18,,,,
24121087,SPRING,13,18,,,,
24121333,CLIP -VACUUM HOSE LPG,7,10,,,,
24121365,FLOAT ASSEMBLY ( AF121445 ),350,500,,,,
24121460,TUBE S.A.I. INLET,88,125,,,,
24121462,SILENCER FOR SAI,53,75,,,,
24121476,SPRING CLAMP DIA. 16.8 X W12,16,23,,,,
24121477,CLAMP HOSE,5,8,,,,
24121485,AIR SCREW KIT,53,75,,,,
24121508,TUBE OVERFLOW CARB.,27,39,,,,
24121652,FUEL FILTER,37,53,,,,
24121676,KIT-JET KIT,"2,171","3,101",,,,
24121695,ASSEMBLY FUEL COCK FL,172,245,,,,
24121698,SEAL FUEL TAP,16,23,,,,
24121716,PIPE BREATHER,60,85,,,,
24121729,CLAMP,53,75,,,,
24121749,CLAMP,22,31,,,,
24130105,BEARING - BALL,245,350,4,,,
24130111,BUSH - BEVEL GEAR HOUSING - BIMETALIC,46,65,,,,
24130113,PIN,3,5,,,,
24130209,GEAR - FARE METER,77,110,10,,,
24131003,WIRE,1,2,,,,
24131007,BUSH,17,24,,,,
24131008,PLUG,90,128,,,,
24131009,GEAR - BEVEL,294,420,,,,
24131032,PIN - BEVEL GEAR,63,90,,,,
24131074,BELLOW -PROPELLER SHAFT,235,335,,,,
24131098,NIPPLE -GREASE,14,20,20,,,
24141132,PULLEY TAP SIDE,30,43,,,,
24141133,PULLEY KNOB SIDE,30,43,,,,
24141134,INSERT - KNOB MOUNTING,32,46,,,,
24141135,SPACER FOR KNOB MOUNTING,16,23,,,,
24141140,PIPE FUEL-COCK TO FILTER,8,12,,,,
24141164,KNOB FUEL TAP OPERATION,69,99,,,,
24141165,ASSEMBLY FUEL TAP,697,995,,,,
24141166,BRACKET FUEL KNOB MOUNTING,102,145,,,,
24141183,PLUG SEAT FUEL COCK BKT,4,6,,,,
24141184,ASSEMBLY FUEL COCK FL,172,245,,,,
24151059,CABLE ASSEMBLY - REAR :- LH - HAND BRAKE,168,240,,,,
24151060,CABLE ASSEMBLY - REAR :- RH - HAND BRAKE,161,230,,,,
24151061,LEVER ASSEMBLY - HAND BRAKE CONTROL,245,350,,,,
24151067,BRACKET - REAR CABLE GUIDE,22,31,,,,
24151068,PIN - REAR CABLE GUIDE,17,24,,,,
24151076,SEAL LIP PRIMARY: TMC,43,62,,,,
24151079,RING : LOCK BOOT TMC,2,3,,,,
24151080,SEAL LIP SECONDARY : TMC,35,50,,,,
24151081,SPRING : SECONDARY RETURN,3,5,,,,
24151087,ROD : PUSH TMC,20,29,,,,
24151090,FORK : PUSH ROD,25,35,,,,
24151092,SEAL-OIL SUPPLY PORT,17,24,,,,
24151093,SCREW : RESERVOIR MOUNTING,2,3,,,,
24151094,NUT : HEX ( M 8 ),2,3,,,,
24151097,KIT: MAJOR :- TMC,308,440,2,,,
24151098,KIT: MINOR :- TMC,109,155,36,,,
24151106,KIT:MAJOR CYLINDER SEAL PISTON(24151107),230,328,,,,
24151107,KIT:MAJOR CYLINDER SEAL PISTON(24151106-OLD),230,328,,,,
24151108,KIT : MINOR WHEEL CYLINDER,84,120,45,,,
24151110,,"1,085","1,550",,,,
24151113,KIT- MAJOR WHEEL CYLINDER-REAR,245,350,9,,,
24151114,KIT-MINOR WHEEL CYLINDER-REAR,63,90,77,,,
24151146,PIN PIVOT-PARK LEVER,37,53,,,,
24151147,PIN SPLIT - HBL,1,2,,,,
24151148,WASHER- PLAIN PARK LEVER,1,2,,,,
24151163,CYLINDER ASSY WHEEL COMP FR,406,580,,,,
24151164,CYLINDER ASSY WHEEL COMP REAR,287,410,13,,,
24151168,ASSEMBLY AUTO ADJUSTER FRONT,111,159,5,,,
24151170,KIT RATCHET FR & LH,57,81,,,,
24151171,KIT SHOE BRAKE WITH SPRING (24151268 W/O SPRING),296,423,,,,
24151172,KIT SHOE CLAMP SPRING,26,37,,,,
24151173,KIT SPRING FRONT & LH,35,50,8,,,
24151174,ASSEMBLY BACK PLATE REAR LH,336,480,2,,,
24151175,ASSEMBLY AUTO ADJUSTER LH,116,165,5,,,
24151177,KIT PARKING LEVER LH (BH131813),43,62,,,,
24151178,ASSEMBLY BACK PLATE RH,315,450,,,,
24151179,ASSEMBLY AUTO ADJUSTER RH,116,165,,,,
24151181,KIT RATCHET RH,57,81,,,,
24151182,KIT SPRING RH,35,50,,,,
24151183,ASSEMBLY LEVER RH PARKING,47,67,,,,
24151221,ASSEMBLY BRAKE PIPE REAR-2 FL,539,770,,,,
24151232,PAD BRAKE PEDAL REFL,19,27,,,,
24151234,HOSE REAR CIRCUIT-1 FL,504,720,,,,
24151238,NUT SPECIAL M6 X 1 FOR HB CABLE,9,13,,,,
24151243,ASSEMBLY FRONT BRAKE PANEL FL,"1,743","2,490",,,,
24151247,ASSEMBLY BRACKET GUIDE HOSE FL,22,31,,,,
24151255,SPRING TORSION BRAKE PDL FL,17,24,,,,
24151256,ASSEMBLY BRAKE PEDAL WITH PAD FL,315,450,,,,
24151258,CYLINDER COMPLETE TANDEM MSTR,"1,680","2,400",,,,
24151266,AXLE ASSEMBLY WHEEL FRONT,700,"1,000",,,,
24151268,BRAKE SHOE KIT (ASK LINING) (24151171 WITH SPRING),266,380,,,,
24151274,HANDLE BAR,"1,645","2,350",,,,
24151285,WHEEL RIM,"1,085","1,550",,,,
24151289,CAP ASSY RESERVOIR WO LIS,41,59,,,,
24151290,ASSEMBLY BRAKE RESERVOIR (24151299),161,230,,,,
24151291,CYLINDER ASSEMBLY TANDEM MASTER,"1,190","1,700",,,,
24151296,TUBE 4.00-8,420,600,,,,
24151297,WASHER FOR RIM (22170345),27,39,,,,
24151299,ASSEMBLY BRAKE RESERVOIR (24151290),161,230,,,,
24160924,PLUG - RUBBER,36,52,,,,
24161003,BOLT - HEXAGON,36,52,,,,
24161176,STRIP FOR FRONT MUDGUARD FLAP FI,13,18,,,,
24161297,CLIP NUT M8X1.25,11,16,,,,
24161368,TOOLBOX RIGHT SIDE (PLASTIC),231,330,,,,
24161371,COVER MIDDLE PORTION (PLASTIC),39,55,,,,
24161373,COVER FOR SWITCHES,53,75,,,,
24161443,COVER DUST TOP,11,16,,,,
24161446,HOLDER WATER BOTTLE,73,104,,,,
24161485,WASHER PLAIN-ID6.5XOD20XT2XBLACK,2,3,,,,
24165116,ASSEMBLY STEERING COVER REFL,581,830,,,,
24165132,BRACKET FR NUMBER PLATE MTG REFL,35,50,,,,
24165137,ED COATED BUMPER(52240760),350,500,,,,
24165169,GROMMET FOR UPPER PART,11,15,,,,
24165214,GROMMET STEERING COVER REFL,8,12,,,,
24165215,MAT FLOOR FRONT FL,820,"1,172",,,,
24165230,GROMMET UPPER PART FL,13,18,,,,
24165273,SLEEVE BUMPER MTG MID FL,39,55,,,,
24165274,SLEEVE BUMPER MTG SIDE FL,53,75,,,,
24165309,ASSEMBLY TRAY BATTERY 32 AH,184,263,,,,
24170425,PIN FOR PROPELLER SHAFT,35,50,,,,
24170431,CLIP - HOSE,60,86,,,,
24170505,WASHER - CUP :- TOP SIDE,4,6,,,,
24170507,BOLT FOR SHOCK ABSORBER,29,42,,,,
24170508,REAR SUSPENSION SPRING,490,700,,,,
24171014,WASHER ASSEMBLY - LOCK,13,18,,,,
24171024,SEAL - OIL :- 48 DIA.,32,45,,,,
24171049,RUBBER - MOUNTING WITH SLEEVE,31,44,,,,
24171055,BUSH - RUBBER FOR REAR SHOCKABSORBER,18,25,,,,
24171066,CLIP - SPRING,4,6,,,,
24171075,NIPPLE - GREASE,15,21,,,,
24171094,SHOCK ABSORBER ASSEMBLY - REAR,700,"1,000",,,,
24171117,BOLT HEXAGON WTTH FLANGE,11,15,,,,
24171118,AXLE ASSEMBLY REAR WHEEL,"1,015","1,450",,,,
24171129,PIN PIVOT (24171199),112,160,,,,
24171138,SPACER (ALT.AB171037),2,3,,,,
24171179,ASSEMBLY ARM TRAILING LH,"2,310","3,300",,,,
24171180,ASSEMBLY ARM TRAILING RH,"2,310","3,300",,,,
24171199,PIN PIVOT (24171129),112,160,,,,
24171200,SEAL PIVOT,24,34,,,,
24171201,BEARING NEEDLE,118,169,,,,
24181016,KIT ST LOCK (36244042) WITH KEY - SMALL,119,170,,,,
24181046,BEARING RACE UPPER OUTER,102,145,,,,
24181047,NUT LOCK RING,38,54,,,,
24181067,GUIDE FOR CLUTCH CABLE,8,11,,,,
24181074,ASSEMBLY GEAR CONTROL TUBE,179,255,,,,
24181144,KIT LOCK FUEL FILLING DOOR (36244044),113,162,,,,
24181153,LOCK SET,973,"1,390",,,,
24181161,SPACER DAMPENING PLATE,10,14,,,,
24191098,TUBE ASY.- GAS CONTROL FOR NEW HANDLEBAR,119,170,,,,
24191099,RING - GEAR INDICATOR FOR NEW HANDLBAR,18,26,,,,
24191101,PULLEY - GAS CONTROL,21,30,,,,
24191105,SCREW - SPECIAL FOR NEW HANDLEBAR,6,9,,,,
24191136,CABLE FUEL COCK GREAY,130,185,,,,
24191137,CABLE FUEL COCK BLACK,130,185,,,,
24191182,CABLE ASSLY CHOKE RE145FL,263,375,,,,
24191184,GEAR CONTROL PULLEY,24,34,,,,
24191185,SPRING CLIP,3,5,,,,
24201415,CABIN LIGHT ASSY/LAMP,238,340,,,,
24201416,CABLE ASSEMBLY(CABIN LIGHT),51,73,,,,
24201421,REVERSE SWITCH WITH CABLE ASSLY (AA201332),127,182,,,,
24201472,ASSEMBLY TAIL LIGHT LH REFL,700,"1,000",,,,
24201473,ASSEMBLY TAIL LIGHT RH REFL,700,"1,000",,,,
24201476,GASKET TAIL LIGHT ASSEMBLY REFL,56,80,,,,
24201477,LENS TAIL LIGHT LH REFL,158,225,,,,
24201484,GASKET FRONT SIDE INDICATOR REFL,33,48,,,,
24201485,COVER SIDE INDICATOR FRONT LH,23,33,,,,
24201486,COVER SIDE INDICATOR FRONT RH,25,36,,,,
24201487,ASSEMBLY SIDE INDICATOR FRONT LH,420,600,,,,
24201488,ASSEMBLY SIDE INDICATOR FRONT RH,420,600,,,,
24201499,LENS TAIL LIGHT RH REFL,158,225,,,,
24201500,CABLE TAILLAMP WITH HOLDER LH FL,151,215,,,,
24201501,CABLE TAILLAMP WITH HOLDER RH FL,133,190,,,,
24201502,CABLE FR INDI WITH HOLDER LH FL,84,120,,,,
24201503,CABLE FR INDI WITH HOLDER RH FL,84,120,,,,
24201504,ASSEMBLY LENS & RFLTR FR IND FL,319,455,,,,
24201515,"BULB 12V,10W,CAPLESS",21,30,,,,
24201523,HOLDER FRONT INDICATOR ASSY FL,11,15,,,,
24201525,GROMMET WIPER MOTOR BIG FL,4,6,,,,
24201564,PACKING RUBBER - BATTERY 32 AH,63,90,,,,
24201616,CABLE EARTH - ENGINE TO CHASSIS,81,115,,,,
24211009,BACKREST COMP PASSENGER,"3,150","4,500",,,,
24211026,BOLT COMBINATION,14,20,,,,
24211028,ASSEMBLY FRAME DRIVER SEAT,980,"1,400",,,,
24211035,HOOK DRIVER SEAT,50,71,,,,
24211037,ENCLOSURE - DRIVER SEAT (36AA4070),980,"1,400",,,,
24221025,BELT ASSEMBLY-SEAT,630,900,,,,
24221032,COMPACT DECALS,39,55,,,,
24221033,EMBLEM PETROL,14,20,,,,
24221034,EMBLEM BAJAJ RE LOGO,81,115,,,,
24221047,JACK ASSEMBLY COMPLETE,735,"1,050",,,,
24230176,KNOB COMPLETE FOR DOOR,11,16,,,,
24230185,FLAP - MUD,123,175,,,,
24230198,PAD - RUBBER,3,5,,,,
24231090,ANGLE - RIGHT HAND FOR REAR MUD FLAP,26,37,,,,
24231091,ANGLE - LEFT HAND FOR REAR MUD FLAP,26,37,,,,
24231146,CLIP,8,12,,,,
24231157,STRIP FOR FRONT MUDGUARD FLAP FI,11,15,,,,
24231245,KNOB FOR REAR DOOR,20,29,,,,
24231336,PACKING FOR BODY,25,35,,,,
24231421,SPACER BEHIND PASS BACKREST,4,6,,,,
24231473,MATTING REAR,"1,015","1,450",,,,
24231475,NUT DOME CAP - M5,3,5,,,,
24231499,SIDE PANEL COVER,182,260,,,,
24231522,LOCK - I :- UTILITY BOX,2,3,,,,
24231523,LOCK - II:- UTILITY BOX,2,3,,,,
24231564,ASSEMBLY FRAME DRIVER SEAT,"2,450","3,500",,,,
24231565,ASSEMBLY DRIVER SEAT,"1,209","1,727",,,,
24231566,ASSEMBLY DRIVER'S BACKREST,606,865,,,,
24231605,HOOD COMPLETE RE145 FL (BLACK) (NEW - AA231320),"3,164","4,520",,,,
24231615,JOINT PLATE LH REFL,21,30,,,,
24231616,JOINT PLATE RH REFL,21,30,,,,
24231620,ASSEMBLY BACKREST SUPPORT TOP,392,560,,,,
24231625,BRACKET WIPER MOTOR MOUNTING,112,160,,,,
24231630,SCREW SELF DRILL BH 3.5X16X15,1,2,,,,
24231641,PACKING SHIELD & WINDSHIELD REFL,160,228,,,,
24231699,ASSEMBLY UTILITY HEADBOX FL,930,"1,329",,,,
24231705,BRACKET SEAT MOUNTING PASSENGER,32,46,,,,
24231713,ASSEMBLY KNOB FOR REAR DOOR,22,32,,,,
24231726,PACKING BODY MOUNTING,47,67,,,,
24231748,ASSEMBLY HOOD FRAME COMPLETE FL,"2,660","3,800",,,,
24231750,FRAME HOOD REAR,"1,588","2,269",,,,
24231761,STRIP HOOD (24231867),19,27,,,,
24231762,STRIP HOOD FIXING-BIGGER (24231866),84,120,,,,
24231772,ASSEMBLY STICK HOOD I FL,105,150,,,,
24231775,ASSEMBLY STICK HOOD II FL,91,130,,,,
24231806,BRACKET ENCLOSURE SIDE MTG,46,65,,,,
24231866,STRIP HOOD (24231762),84,120,,,,
24231867,STRIP HOOD (24231761),19,27,,,,
24231871,STRIP HOOD FIXING,42,60,,,,
24251010,LABEL TWIN SPARK,46,65,,,,
25231062,ASSEMBLY MUD REAR ASY ED COAT (52210040),435,621,,,,
25231064,BEADING FOR MUDGUARD,85,122,,,,
28101022,CAP - STRAINER,60,85,,,,
28101038,SPRING,2,3,,,,
28101080,RUBBER BUSH,5,8,,,,
28101129,SPRING - SEAT,16,23,,,,
28101141,PLUG - OIL,11,15,,,,
30101053,CIRCLIP,2,3,,,,
30101185,RING - O,6,9,,,,
30101236,BALL - STEEL,1,2,,,,
30141039,PACKING,11,16,,,,
30151039,BEARING - BALL,175,250,,,,
30151059,BEARING - BALL,102,145,,,,
30211005,COLLAR,8,11,,,,
31101018,RETAINER - VALVE SPRING,18,25,,,,
31101019,COLLET,7,10,,,,
31101060,PLUG,6,9,,,,
31101141,SPRING,10,14,,,,
31101173,KEY -WOODRUFF FOR CRANKSHAFT CLUTCH SIDE,6,9,,,,
31121006,GASKET,3,5,,,,
31121041,CLAMP,23,33,,,,
31191032,BOOT FOR ACCELERATOR CABLE,14,20,,,,
33141008,"CLAMP :P.COK OUT+F.FLTR IN,OUT+CARBU. IN",2,3,,,,
35161060,NUT - CLIP,6,9,,,,
36244024,KIT LOCK FOR DOOR WITH KEY,130,185,,,,
36244040,KIT-JET KIT,322,460,,,,
36244042,KIT ST LOCK (24181016) WITH KEY - SMALL,119,170,,,,
36244044,KIT LOCK FUEL FILLING DOOR (24181144),113,162,,,,
36244047,KIT FLOAT BODY KIT CARB,172,245,,,,
36244048,KIT PISTON VALVE KIT CARB-,239,341,,,,
36244049,KIT O RING & GASKET KIT CARB-,83,118,,,,
36244050,KIT_OIL SEAL KIT RE COMPACT 2S,252,360,,,,
36244062,KIT_MIXING CAP ASSLY,277,395,,,,
36311008,KIT VALVE REPAIR 4S,88,125,,,,
37103153,VALVE ADJUSTING SCREW HOLDER,63,90,,,,
37180101,STEERING WHEEL LOCK NUT WRENCH,"2,590","3,700",,,,
39007104,SCREW - HEXAGON HEAD :- M5,1,2,,,,
39008004,BOLT - HEXAGON HEAD,8,12,,,,
39011904,BOLT - HEXAGON HEAD,4,6,,,,
39014608,PIN - SPLIT,1,2,,,,
39014708,PIN - SPLIT,1,2,,,,
39015108,PIN - SPLIT (S012761),1,2,,,,
39015608,PIN - SPLIT,2,3,,,,
39019711,WASHER - PLAIN,1,2,,,,
39019811,WASHER - PLAIN,1,2,,,,
39019911,WASHER - PLAIN,1,2,,,,
39020011,WASHER - PLAIN,1,2,,,,
39020111,WASHER - PLAIN,1,2,,,,
39020811,WASHER - PLAIN,1,2,,,,
39021111,WASHER - PLAIN,2,3,,,,
39021311,WASHER - PLAIN,1,2,,,,
39021911,WASHER - PLAIN,1,2,,,,
39023011,WASHER PLAIN,2,3,,,,
39024011,WASHER - PLAIN,2,3,,,,
39024811,WASHER - PLAIN,2,3,,,,
39025111,WASHER PLAIN,2,3,,,,
39025811,WASHER - PLAIN,1,2,,,,
39026912,WASHER - SPRING,2,3,,,,
39028915,NUT - HEXAGON :- M8 X 1.25,4,6,,,,
39029115,NUT - HEXAGON :- M5 X 0.8,1,2,,,,
39029215,NUT - HEXAGON :- M6 X 1,1,2,,,,
39029515,NUT - HEXAGON :- M9 X 1.25,3,5,,,,
39029615,NUT - HEXAGON :- M10 (ALT 39031215),4,6,,,,
39030315,NUT - HEXAGON :- M14 X 1.5,8,11,,,,
39031215,NUT - HEXAGON :- M10 (ALT 39029615),4,6,,,,
39032615,NUT - NYLOC :- M5 X 0.8,2,3,,,,
39034217,CIRCLIP - INTERNAL,13,18,,,,
39042304,BOLT HEXAGON HEAD,6,8,,,,
39042606,PIN - SPRING TYPE STRAIGHT,7,10,,,,
39042706,PIN - SPRING TYPE STRAIGHT,3,5,,,,
39043501,SCREW - HEXAGON HEAD,5,7,,,,
39045411,WASHER - PLAIN,1,2,,,,
39046715,NUT HEXAGON -M12 X 1.5,8,11,,,,
39050809,RIVET - COUNTERSUNK HEAD,1,2,,,,
39054311,WASHER - PLAIN,1,2,,,,
39064517,CIRCLIP :- E-TYPE,1,2,,,,
39066301,SCREW SLOTTED CHEESE HEAD,1,2,,,,
39069015,NUT - NYLOC,3,5,,,,
39069415,NUT - HEXAGON LOCK :- M8 X 1.25,2,3,,,,
39071111,WASHER - PLAIN,1,2,,,,
39071411,WASHER - PLAIN,3,5,,,,
39073001,SCREW PAN CROSS-M6,3,5,,,,
39073212,WASHER - SPRING,1,2,,,,
39073712,WASHER - SPRING,2,3,,,,
39074011,WASHER (NON-METALLIC),1,2,,,,
39074501,SCREW PAN CROSS - M6,2,3,,,,
39074601,SCREW PAN CROSS - M6,2,3,,,,
39074801,SCREW PAN CROSS - M6,3,5,,,,
39078708,PIN COTTER,1,2,,,,
39078912,WASHER - SPRING,1,2,,,,
39079815,NUT - HEXAGON WITH FLANGE :- M6,2,3,,,,
39079908,PIN - COTTER,1,2,,,,
39080411,WASHER - PLAIN,1,2,,,,
39081411,WASHER - PLAIN,1,2,,,,
39081715,NUT - HEXAGON WITH FLANGE :- M6,2,3,,,,
39083415,NUT - HEXAGON :- M6 X 1,1,2,,,,
39085517,CIRCLIP :- E-TYPE,1,2,,,,
39093915,HEX NYLOC NUT,10,14,,,,
39094111,PLAIN WASHER,1,2,,,,
39095615,NUT - HEXAGON :- M8 X 1.25,2,3,,,,
39097315,NUT - HEXAGON :- M5 X 0.5,6,8,,,,
39098004,BOLT - HEXAGON HEAD,2,3,,,,
39099206,DOWEL,4,6,,,,
39099906,PIN - HOLLOW DOWEL,5,7,,,,
39100006,PIN - HOLLOW DOWEL,6,8,,,,
39101321,RING - O,2,3,,,,
39101421,RING - O,13,18,,,,
39102702,SCREW -CROSS RECESSED RAISED CHEESE HEAD,1,2,,,,
39103309,RIVET,2,3,,,,
39103519,SEAL - OIL,28,40,,,,
39104119,SEAL - OIL,15,21,,,,
39104619,SEAL - OIL,14,20,,,,
39105315,NUT - HEXAGON WITH FLANGE :- M14,14,20,,,,
39105411,WASHER - PLAIN,2,3,,,,
39105515,NUT - HEXAGON WITH FLANGE :- M10,8,11,,,,
39105711,WASHER - PLAIN,11,16,,,,
39106504,BOLT - FLANGED :- SMALL,4,6,,,,
39106901,SCREW - HEXAGON HEAD,4,5,,,,
39107404,BOLT - FLANGED :- SMALL,4,5,,,,
39107504,BOLT - FLANGED :- SMALL,4,6,,,,
39107601,SCREW - M6,2,3,,,,
39107901,HEX HEAD SCREW,2,3,,,,
39118011,WASHER - PLAIN (alt. 39154011),1,2,,,,
39118215,NUT,18,25,,,,
39119704,BOLT - SOCKET :- M6,6,8,,,,
39121111,WASHER - PLAIN,1,2,,,,
39121420,BEARING - BALL :- 20 X 42 X 12,129,184,,,,
39128321,RING - O,20,29,,,,
39130911,WASHER - PLAIN,1,2,,,,
39133615,NUT - HEXAGON :- M10 X 1.25,4,6,,,,
39135315,NUT NYLOC M6X1,2,3,,,,
39137704,BOLT - HEXAGON WITH COLLAR,28,40,,,,
39138904,BOLT - HEXAGON :- M8 X 1.25,8,11,,,,
39143520,BEARING - NEEDLE ROLLER,63,90,,,,
39147817,CIRCLIP - WIRE,6,8,,,,
39150111,WASHER - PLAIN,1,2,,,,
39152301,SCREW PAN CROSS - M5,1,2,,,,
39152401,SCREW PAN CROSS - M5,2,3,,,,
39153721,RING - O,3,5,,,,
39154011,WASHER - PLAIN (alt. 39118011),2,3,,,,
39155304,BOLT - FLANGE :- M6,4,5,,,,
39155604,BOLT - FLANGE,6,8,,,,
39156015,FLANGE HEXNUT -M4,1,2,,,,
39156421,O RING,3,5,,,,
39157006,SLEEVE - SPRING DOWEL,1,2,,,,
39158511,WASHER - PLAIN,1,2,,,,
39158721,RING - O,2,3,,,,
39163015,NUT - HEXAGON WITH FLANGE :- M6,3,4,,,,
39165721,RING - O,21,30,,,,
39166005,STUD - M8,10,14,,,,
39167204,BOLT - FLANGE :- M6 X 16,2,3,,,,
39167304,BOLT - FLANGE :- M6,3,5,,,,
39167404,BOLT - FLANGE :- M6 X 25,4,5,,,,
39167604,BOLT - FLANGE :- M6 X 50,6,8,,,,
39168104,BOLT - FLANGE :- M8,7,10,,,,
39169901,SCREW - COUNTERSUNK HEAD :- M6,2,3,,,,
39170207,PIN - CLEVIS WITH HEAD,4,6,,,,
39170415,NUT - CUP :- M6,13,18,,,,
39171619,SEAL - OIL,13,18,,,,
39172104,BOLT - FLANGED,8,12,,,,
39173719,SEAL - OIL :- 26 X 42 X 8,23,33,,,,
39177304,BOLT FLANGED M5X16,2,3,,,,
39178301,SCREW - TRUSS :- M5 X 0.8 X 10,1,2,,,,
39179021,RING - O,2,3,,,,
39179211,WASHER - PLAIN,1,2,,,,
39182612,WASHER - SPRING,1,2,,,,
39182712,WASHER - SPRING,2,3,,,,
39182812,WASHER - SPRING,1,2,,,,
39182912,WASHER - SPRING,1,2,,,,
39183012,WASHER - SPRING,1,2,,,,
39183911,WASHER - PLAIN,1,2,,,,
39186420,BEARING - BALL :- 20 X 52 X 15,162,231,,,,
39186919,SEAL - OIL :- 15 X 24 X 5,21,30,,,,
39188020,BEARING - BALL :- 15 X 32 X 9 (6002-C3),106,151,,,,
39188515,NUT - HEXAGON WITH FLANGE :- M16,32,46,,,,
39190204,BOLT-FLANGED-SMALL,3,5,,,,
39190701,SCREW - TRUSS CROSS :- M5,2,3,,,,
39191719,SEAL - OIL,27,38,,,,
39192707,PIN - ROLLER,1,2,,,,
39193120,BEARING - BALL :- 28 X 68 X 18,328,469,,,,
39193815,NUT - HEXAGON WITH FLANGE :- M16,25,35,,,,
39194004,BOLT - FLANGED :- M8,5,8,,,,
39194404,BOLT - FLANGED,3,5,,,,
39195804,BOLT - FLANGED :- SMALL,2,3,,,,
39196304,BOLT - FLANGED :- SMALL,8,11,,,,
39197015,NUT - HEXAGON WITH FLANGE :- M8,4,5,,,,
39197215,NUT - HEXAGON WITH FLANGE :- M5,2,3,,,,
39198104,NUT - HEXAGON WITH FLANGE :- M5,2,3,,,,
39199020,BEARING - NEEDLE,56,80,,,,
39200811,WASHER - PLAIN,11,15,,,,
39201719,SEAL - OIL,32,45,,,,
39203804,BOLT - HEXAGON SOCKET HEAD :- M6,4,5,,,,
39206004,BOLT - FLANGED,2,3,,,,
39213217,RING - SNAP (39213219),4,5,,,,
39214704,BOLT - HEXAGON HEAD WITH FLANGE :- M6,5,7,,,,
39215320,BEARING - NEEDLE ROLLER :- 3 X 38 X 18,228,325,,,,
39217924,"WASHER,5.1X10X1.0",1,2,,,,
39218106,PIN - HOLLOW DOWEL :- 14 X 20,11,16,,,,
39220804,BOLT - HEXAGON HEAD WITH FLANGE :- M5,1,2,,,,
39222204,BOLT - FLANGED - M8,6,8,,,,
39224020,BALL BEARING,142,203,,,,
39229515,NUT - FLANGE :- M8,4,5,,,,
39231704,BOLT - HEXAGON HEAD :- M6,4,5,,,,
39234911,WASHER PLAIN,3,5,,,,
39235717,CIRCLIP - INTERNAL,4,5,,,,
39236220,BEARING-BALL-C3 CLEARANCE(KPBC6301),149,213,,,,
39237423,GROMMET FOR UPPER PART,6,9,,,,
39238315,HEX NUT FLANGE-M8,4,6,,,,
39239304,BOLT - HEXAGON HEAD :- M10,33,47,,,,
39242411,WASHER - PLAIN,3,5,,,,
39244311,WASHER - PLAIN,1,2,,,,
39246417,CIRCLIP,17,24,,,,
39248415,NUT - FLANGE :- M5,1,2,,,,
39251604,SHOULDER BOLT,31,44,,,,
39254220,BEARING - BALL-15X42X13,161,230,,,,
39254717,CIRCLIP - INTERNAL,2,3,,,,
39255020,BEARING-BALL-C3 CLEARANCE(KPBC6204),189,270,,,,
39256120,BEARING - BALL 6305 (KPBF6305),294,420,,,,
39258111,WASHER - PLAIN,1,2,,,,
39258811,WASHER - PLAIN,2,3,,,,
39260715,NUT - NYLOC (M12 X 1.5),9,14,,,,
39260801,SCREW - GRUB :- M5 X 0.8 X 7,4,5,,,,
39262921,O-RING,11,16,,,,
39263101,SCREW PAN HEAD M5,1,2,,,,
39271115,NUT FLANGE,2,3,,,,
39272711,WASHER - PLAIN,1,2,,,,
52210040,ASSEMBLY MUD REAR ASY ED COAT (25231062),435,621,,,,
52240645,WIND SHIELD REFL ED COATED,"4,900","7,000",,,,
52240664,DOOR REAR DOOR ED COATED BA231058(new-52AA0501),"1,190","1,700",,,,
52240681,ASSEMBLYBARE CHASSIS COMP AA161210 REFL(52AA0748),"31,500","45,000",,,,
52240760,ED COATED BUMPER 24165137,350,500,,,,
52240764,ASSEMBLY WHEEL RIM 24151110 )( 24151285 ),"1,085","1,550",,,,
52240912,ED BODY COMP 2S REFRESH (AA231294),"20,825","29,750",,,,
52244040,ED COATED FR MUDGUARD AA161183,840,"1,200",,,,
59010005,SCREW ROUND HEAD MUSHROOM M4 X0.7X15,1,2,,,,
59010007,SCREW - CROSS RECESS COUNTERSUNK HD M4,1,2,,,,
59040029,BOLT HEX. - FLANGE M5X21L,2,3,,,,
59040038,BOLT,4,6,,,,
59050002,STUD M10 ( BOLT STUD CYLINDER),81,115,,,,
59150003,NUT U - M12,15,21,,,,
59150012,NUT NYLOC M10,6,8,,,,
59200012,BEARING - NEEDLE (SL 35 20 ),77,110,,,,
60111420,CABLE TIRE,6,8,,,,
60111530,FUSE 30A MINI,7,10,,,,
DG161224,DAMPER,4,5,,,,
36AA4018,KIT ST MOTOR SPRING,120,171,,,,
36AA4025,KIT FRICTION PLATE KIT (ANTI JUDDER-RE2),385,550,,,,
36AA4028,KIT IGNITION SWITCH (AA201254) WITH KEY,490,700,,,,
36AA4032,KIT_CONNECTING ROD 4S FL,749,"1,070",,,,
36AA4033,KIT_VALVE KIT 4S FL,434,620,,,,
36AA4036,KIT GASKET_4S ENGINE,350,500,,,,
36AA4041,KIT_ OIL SEAL COMPACT & OPTIMA 4S,244,348,,,,
36AA4045,KIT_IDLING ADJUSTER_4S,48,68,,,,
36AA4047,KIT_PILOT SCREW COMPACT 4S,69,98,,,,
36AA4061,KIT JET FOR,329,470,,,,
36AA4067,KIT PISTON PIN GUDGEON FL 4S (EE521220),91,130,,,,
36AA4070,KIT 3W DRIVER SEAT ENCLOSURE ( 24211037 ),980,"1,400",,,,
36AA4071,KIT JET,338,483,,,,
36AA4072,KIT PILOT SCREW,69,98,,,,
36AA4073,KIT PISTON VALVE ASSY,239,341,,,,
36AA4074,FLOAT BODY ASSY KIT,164,234,,,,
36AA4075,O-RING AND GASKET,76,109,,,,
36AA4082,KIT_PISTON VALVE ASSY KIT FOR,393,561,,,,
36AA4083,KIT_JET KIT FOR,371,530,,,,
36AA4100,STARTER CABLE GUIDE ASSLY KIT,253,361,,,,
36AA4102,KIT_ VALVE KIT 4S RL FOR AA102088/AA102089,571,816,,,,
36AA4113,KIT ENGINE GASKET RE4S,560,800,,,,
36AA4126,PISTON ASSEMBLY,"1,050","1,500",,,,
36AA4127,PISTON ASSLY(0.50) 205 PET/LPG,"1,050","1,500",,,,
36AA4128,GLASS GREEN WINDSHIELD,"4,295","6,135",,,,
36AA4132,KIT CONNECTING ROD,770,"1,100",,,,
36AA4143,WHEEL CYLINDER MAJOR KIT FR,196,280,,,,
36AF0008,KIT IDLING ADJUSTER KIT,44,63,,,,
36AF0009,KIT AIR SCREW KIT,49,70,,,,
36AF0013,KIT STARTER CABLE GUIDE ASSY KIT,273,390,,,,
36AF0023,KIT_JET FOR CARBURETOR AG121077,322,460,,,,
36AF0024,KIT_PISTON VALVE ASSLY FOR CARB-AG121077,232,332,,,,
36AH0003,SPRING KIT FR/LH,48,68,,,,
36AH0004,SPRING KIT RH,48,68,,,,
36AH0010,WHEEL CYLINDER MTG KIT -FR,46,65,,,,
36AH0011,WHEEL CYLINDER MINOR KIT,70,100,,,,
36AL0001,KIT SLIDER BLOCK ( MACHINED )(NEW-36BA4042/36BA4043),280,400,,,,
36AL0005,"KIT LOWER ST. CONE GC, MEGA&MAXIMA",802,"1,146",,,,
36AL0016,KIT LOCK - STERO LID WITH KE (AL161362),108,154,,,,
36AL0022,"KIT UPPER ST. CONE GC,MEGA&MAXIMA (36AL0058)",336,480,,,,
36AL0029,WHEEL CYLINDER MINOR KIT CARGO,82,117,,,,
36AL0030,WHEEL CYLINDER MAJOR KIT CARGO,203,290,,,,
36AL0033,BACK PLATE ASSLY FR FINISHED KIT CARGO,420,600,,,,
36AL0038,BACK PLATE ASSLY LH FINISHED CARGO,420,600,,,,
36AL0040,BACK PLATE ASSEMBLY RH FINISHED CARGO,420,600,,,,
36AL0044,LH LOCK LH FOR DOOR WITH KEY,166,237,,,,
36AL0045,LOCK RH FOR DOOR WITH KEY,166,237,,,,
36AL0050,FRONT BRAKE SHOE KIT MAXIMA C,455,650,,,,
36AL0051,REAR RH BRAKE SHOE KIT MAXIMA C,517,739,,,,
36AL0052,REAR LH BRAKE SHOE KIT MAXIMA C,517,739,,,,
36AL0058,"KIT UPPER ST. CONE GC,MEGA&MAXIMA (36AL0022))",336,480,,,,
36AM0003,KIT_JET KIT(FOR CARB AM121169),335,479,,,,
36AN0010,"CYL PISTON-LPG,PET 4S ASSLY","3,080","4,400",,,,
36AN0016,KIT RING PISTON RE4S CHROME PLTD (EXP),378,540,,,,
36AN0028,KIT BARSHAFT (AN101419),"1,015","1,450",,,,
36AN0034,KIT PISTON RING CARGO PETROL,380,543,,,,
36AN0035,JET KIT COMP. PETROL,338,483,,,,
36AN0036,IDLING ADJUSTER KIT,57,82,,,,
36AN0037,PISTON VALVE ASSEMBLY KIT,291,415,,,,
36AT0001,KIT IGNITION LOCK WITH KEY,550,785,,,,
36AU0001,KIT CYL BLOCK PISTON ASSLY,"2,646","3,780",,,,
36AZ0015,KIT_JET (AZ581214),329,470,,,,
36AZ0017,KIT_PISTON VALVE ASSLY FOR CARBURETOR AZ581214,256,365,,,,
36AZ0023,KIT_BARSHAFT BF551803 RE COMPACT+ 4S,910,"1,300",,,,
36AZ0049,KIT CONNECTING ROD,980,"1,400",,,,
36AZ0076,BRAKE SHOE WITH HBL LH KIT,462,660,,,,
36AZ0078,BRAKE SHOE WITH HBL RH KIT,462,660,,,,
36AZ0080,BRAKE SHOE SPRING KIT FR,406,580,,,,
36AZ0084,KIT CLUTCH COVER (AZ541217),"1,575","2,250",,,,
36BA4009,KIT STEERING CONE FOR RE-205 4S,652,931,,,,
36BA4014,WHEEK CYLINDER MTG KIT,40,57,,,,
36BA4039,KIT PIVOT PIN WITH GREASE HOLE,238,340,,,,
36BA4042,KIT SLIDER BLOCK (OLD-36AL0001),161,230,,,,
36BA4043,KIT SLIDER BLOCK WITH PIN (OLD- 36AL0001),217,310,,,,
36BB0029,"ST LOCK (AL181013) WITH KEY - GC,",119,170,,,,
36BB0033,KIT_BATTERY LOCK (BB201018) WITH KEY,126,180,,,,
36BB0035,KIT PROTECTION PLUG FR,28,40,,,,
36BH0008,KIT OBJ MAX,"1,015","1,450",,,,
36BH0010,KIT OBJ & TRIPOD MAX,"1,631","2,330",,,,
36BH0019,KIT ROLLER,329,470,,,,
36BH0029,KIT_SPARE WHEEL LOCK (BH131406) WITH KEY,126,180,,,,
36BH0030,KIT IBJ,"1,141","1,630",,,,
36BH0031,KIT IBJ & TRIPOD,"1,807","2,582",,,,
36BH0036,KIT BOOT- ALL KTEK,192,274,,,,
36BH0037,KIT BOOT & RETAINER KTEK,240,343,,,,
36JZ0016,KIT IDLING SCREW - DISCO H,55,78,,,,
36RA0001,CYLINDER BLOCK PISTON ASSLY,"3,549","5,070",,,,
36RA0002,KIT FRICTION PLATE - 236,595,850,,,,
36RA0003,KIT VALVE 4S - 236,595,850,,,,
36RA0013,"CYL BLOCK PISTON ASSLY- PL,LPG","3,360","4,800",,,,
36RA0016,KIT CLUTCH COVER (AY541201),"1,736","2,480",,,,
3710AB16,SPL.TOOL HOLDER FOR,"1,455","2,078",,,,
3710AB24,TOOL TO EXTRACT MAGN,420,600,,,,
3710AB25,TOOL HOLDING WHEEL CLUTCH,420,600,,,,
3710BA61,TOOL FOR EXTRACTING,715,"1,022",,,,
3710CB19,CATCHER FOR MAGNETO & LOW CLUTCH ASSLY,910,"1,300",,,,
52AA0501,ASSEMBLY REAR DOOR ED COATED (AA231307),"1,190","1,700",,,,
52AA0747,ASSEMBLY-AIR DEFLECTOR WITH GROMMET,161,230,,,,
52AA0748,ED COATED BARE CHASSIS COMPLETE AA161292,"31,500","45,000",,,,
52AA0973,ASSLY BODY COMPLETE ED COATED_FI (AA231349),"14,280","20,400",,,,
52AA0974,ASSEMBLY CHASSIS BARE FI AA161356,"31,500","45,000",,,,
52AA1385,CLUTCH COVER ASSLY,"3,354","4,792",,,,
52AA1527,CRANKCASE 4S MAG SIDE WITH DRAIN BOLT(AA111227),"5,041","7,202",,,,
52AA2034,DOOR ASSLY FILLING FUEL ED COATED,98,140,,,,
52AA4035,ASSEMBLY-FAREMETER 205FL (AA101743),609,870,,,,
52AF0621,DOOR ASSEMBLY REAR ED COATED,"1,327","1,895",,,,
52AF0624,DOOR FILLING FUEL ED COATED,126,180,,,,
52AH0296,ED COATED BUMPER REAR (52AH0388),501,715,,,,
52AH0349,SIDE DOOR RH RE _ ED COATED.,"1,775","2,535",,,,
52AH0351,SIDE DOOR LH RE _ED COATED.,"1,775","2,535",,,,
52AH0388,BUMPER REAR ED COATED (52AH0296),323,462,,,,
52AL0390,ED COATED TRAY RE CARGO_AL241633,"28,112","40,160",,,,
52AL0391,ED COATED ASSY ENG ACCESS COVER CARGO AL,"1,148","1,640",,,,
52AL0392,ED COATED ASSLY DOOR RH AL241596,"3,724","5,320",,,,
52AL0395,ED COATED ASSLY DOOR LH AL241597,"3,724","5,320",,,,
52AL0396,ED COATED ASSLY PANEL REAR DOOR AL24163,"2,079","2,970",,,,
52AN0074,ASSEMBLY- COVER DIFFRENTIAL,"1,498","2,140",,,,
52AN0122,CLUTCH COVER SUB ASSEMBLY(AA102000-OLD),"2,954","4,220",,,,
52AN0239,ASSEMBLY LOCKSET MAXIMA C PETROL,"1,274","1,820",,,,
52AN0255,ASSEMBLY CLUTCH COVER SUB ASSEMBLY WITH,"3,275","4,678",,,,
52AN0262,ED COATED CABIN ASSEMBLY (AL241419),"13,048","18,640",,,,
52AN0263,ASSLY FRAME BARE CHASSIS,"49,518","70,740",,,,
52AN0499,ED COATED ASSLY. CHASSIS MAX C PETRO,"49,707","71,010",,,,
52AU0180,ASSY CHASSIS BARE ED COATED,"31,588","45,125",,,,
52AU0182,BODY ASSLY ED COATED,"24,795","35,422",,,,
52AY0019,ASSLY BODY WITH WHEEL ARCH (AZ211174),"34,214","48,877",,,,
52AY0058,ASSLY LOCKSET Z PET FI,967,"1,381",,,,
52AY0122,ED COATED ASSLY. CHASSIS,"31,464","44,948",,,,
52AY0125,ED COATED MAX Z DOOR ASBLY REAR LOWER,"3,193","4,562",,,,
52AY0131,ASSLY PASSENGER SEAT RH DARK BROWN,"6,111","8,730",,,,
52AY0135,ASSLY PASSENGER SEAT LH DARK BROWN,"8,192","11,703",,,,
52AY0159,ED COATED BUMPER REAR MAX Z PETROL,941,"1,344",,,,
52AZ0135,ASSEMBLY LOCKSET COMPACT + CNG/LPG UPG,868,"1,240",,,,
52AZ0174,ED COATED COVER BATTERY ACCESS UG,538,769,,,,
52AZ0176,ED COATED ASSEMBLY SIDE DOOR LH UG,"2,681","3,830",,,,
52AZ0177,ED COATED ASSEMBLY SIDE DOOR RH UG,"3,122","4,460",,,,
52AZ0180,ED COATED ASSEMBLY DOOR REAR UPPER UG (AZ244001),"2,890","4,128",,,,
52BA0283,DOOR ASSEMBLY SIDE FILLING,62,89,,,,
52BB0075,MUDGUARD FRONT (BB161099),"1,078","1,540",,,,
52BH0209,ASSEMBLY DOOR RR ENG ACCESS (AZ244002 ),"2,513","3,590",,,,
52BH0210,DOOR ENGINE ACCESS,"2,611","3,730",,,,
52BH0419,ED COATED FRAME ASSLY WINDSHIELD,"5,425","7,750",,,,
52BH0443,ASSEMBLY HOOD BLACK,"6,262","8,946",,,,
AA101009,BUSH - GEAR PRIMARY,57,82,,,,
AA101054,"GUIDE - STEM, GEAR SHIFTER",98,140,,,,
AA101055,WASHER - THRUST :- GUIDE BUSH SIDE,6,8,,,,
AA101058,WASHER - THRUST :- IDLER,13,18,,,,
AA101061,CUP - GEAR SHIFTER,10,14,,,,
AA101084,GASKET - SECTOR FLANGE,6,8,,,,
AA101108,SELECTOR - GEAR,138,197,,,,
AA101122,GEAR - STARTER,497,710,,,,
AA101123,"PLATE - SPRING :- UPPER, HAND START",8,11,,,,
AA101124,"PLATE - SPRING :- LOWER, HAND START",6,9,,,,
AA101138,PLUNGER OIL,32,45,,,,
AA101139,SPRING - PLUNGER,2,3,,,,
AA101142,HOLDER - CLUTCH,63,90,,,,
AA101143,PAD - RUBBER,13,18,,,,
AA101145,BUSH - STARTER GEAR,79,113,,,,
AA101194,BRACKET - FRONT MOUNTING,91,130,,,,
AA101207,HOUSING - CLUTCH,231,330,,,,
AA101209,SPRING - TORSIONAL,39,55,,,,
AA101212,PIN FOR TENSION SPRING,17,24,,,,
AA101213,COLLAR,62,88,,,,
AA101215,GUIDE - SPRING,20,28,,,,
AA101216,SPRING - CLUTCH,10,14,,,,
AA101220,GROMMET FOR PICK-UP,17,24,,,,
AA101221,TUBE ASSEMBLY,32,45,,,,
AA101249,SPACER PAD FOR HAND START,3,5,,,,
AA101277,PIN - LEVER SUPPORT :- HAND START,120,172,,,,
AA101283,GASKET -SILENCER,22,32,,,,
AA101286,GEAR ASSEMBLY - SECTOR,608,868,,,,
AA101289,SPINDLE ASSEMBLY - HAND START,408,583,,,,
AA101295,BUSH - DRIVE,38,54,,,,
AA101297,SUPPORT ASSEMBLY COMPLETE - HAND START,392,560,,,,
AA101329,LEVER - DRIVER SIDE,244,349,,,,
AA101345,KEY - WOOD RUFF,6,9,,,,
AA101347,"TUBE II ASSLY.-CONNECTING+EYE BOLTS,NUTS",217,310,,,,
AA101400,SPRING - DAMPER :- A,9,14,,,,
AA101401,SPRING - DAMPER :- B,8,11,,,,
AA101424,GEAR - OIL PUMP DRIVE,74,105,,,,
AA101470,PLATE ASSEMBLY - CLUTCH,"1,211","1,730",,,,
AA101471,WHEEL CLUTCH,147,210,,,,
AA101472,PLATE - CLUTCH,35,50,,,,
AA101473,HUB - CLUTCH,305,435,,,,
AA101474,HOLDER - CLUTCH,24,34,,,,
AA101592,CLUTCH HOUSING ASSY,963,"1,375",,,,
AA101593,CLUTCH COMPLETE (AA101598),"2,205","3,150",,,,
AA101594,INSULATOR,27,39,,,,
AA101598,CLUTCH COMPLETE (AA101593),"2,856","4,080",,,,
AA101599,CLUTCH HOUSING ASSY.,"1,288","1,840",,,,
AA101665,BRACKET FIX END CABLE GUIDE,8,11,,,,
AA101667,STICK DIP -CLUTCH COVER,25,35,,,,
AA101721,FLANGE S.G. HSG. SIDE,553,790,,,,
AA101722,FLANGE DIFF. GEAR SIDE,553,790,,,,
AA101734,BUSH SINTERED-REV.LEVER,11,15,,,,
AA101735,CRANKCASE MAGNETO SIDE-205FL,"4,935","7,050",,,,
AA101736,SECTOR ASSY COMP.WITH LEVER,287,410,,,,
AA101742,BUSH -FAREMETER,81,115,,,,
AA101743,ASSEMBLY-FAREMETER 205FL (52AA4035),609,870,,,,
AA101745,HOUSING FAREMETER,244,348,,,,
AA101747,SEAL RUBBER-FAREMETER,6,8,,,,
AA101750,ASSEMBLY PINION-FAREMETER,84,120,,,,
AA101753,GROMMET -AIR FILTER INLET,183,262,,,,
AA101779,GEAR MULTIPLE,475,678,,,,
AA101780,GEAR SPEED- 2ND,512,731,,,,
AA101781,GEAR SPEED - 3RD,468,668,,,,
AA101782,GEAR SPEED - 4TH,422,603,,,,
AA101787,ASSEMBLY EXHAUST TUBE,"11,200","16,000",,,,
AA101814,COLLAR CAMSHAFT,35,50,,,,
AA101816,RUBBER ISOLATOR,126,180,,,,
AA101819,FLANGE ASSY GEAR SHIFTER,245,350,,,,
AA101821,COVER GEAR SHIFTER,17,24,,,,
AA101823,BRACKET CABLE ARRESTER,6,8,,,,
AA101826,CONNECTOR -OIL SUPPLY,91,130,,,,
AA101838,GASKET -MANIFOLD,88,125,,,,
AA101843,SEAT -SPRING VALVE,26,37,,,,
AA101844,SEAL - HEAD COVER,60,85,,,,
AA101848,ASSEMBLY CYLINDER HEAD (NEW AA102093),"6,062","8,660",,,,
AA101859,VALVE INTAKE,182,260,,,,
AA101860,VALVE EXHAUST,168,240,,,,
AA101864,ASSEMBLY CAMSHAFT,"1,064","1,520",,,,
AA101865,PISTON ASSEMBLY,784,"1,120",,,,
AA101868,GUIDE STEM,89,127,,,,
AA101869,PAD SEALING-FAN COVER(RIGHT),8,12,,,,
AA101870,PAD SEALING 1-COWLING INTAKE,6,9,,,,
AA101871,PAD SEALING 2-COWLING INTAKE,8,12,,,,
AA101875,SPRING FOR ENGINE VALVE,39,55,,,,
AA101883,VALVE PRESSURE RELIEF ASSEMBLY,76,109,,,,
AA101884,VALVE PRESSURE RELIEF,73,104,,,,
AA101885,PAD SEALING - FAN COVER(LEFT),11,15,,,,
AA101939,BRACKET CABLE CLUTCH,56,80,,,,
AA101944,SILENCER ASSY COMPLETE,"5,271","7,530",,,,
AA101945,MUFFLER ASSY COMPLETE,"2,604","3,720",,,,
AA101949,ASSEMBLY CRANKSHAFT-205FL (AN101152-OLD),"4,273","6,104",,,,
AA101950,SEAL OIL,35,50,,,,
AA101952,ASSEMBLY HOT AIR DEFLECTOR,182,260,,,,
AA101969,BRACKET H.T. COIL MOUNTING,133,190,,,,
AA101970,SHROUD ASSEMBLY FAN,336,480,,,,
AA101997,ASSEMBLY EXHAUST TUBE,"1,946","2,780",,,,
AA102000,COVER CLUTCH (52AN0122),"2,954","4,220",,,,
AA102003,CAMSHAFT (AA102004/AU511006),"1,064","1,520",,,,
AA102004,CAMSHAFT (AA102003/AU511006),"1,064","1,520",,,,
AA102017,ENGINE ASSY. 205FL WITHOUT CAT,"73,703","105,290",,,,
AA102018,ASSEMBLY SECTOR COMP.REV.CONTROL,301,430,,,,
AA102026,COVER DIFFERENTIAL,"1,204","1,720",,,,
AA102031,BRACKET HOLDING - REVERSE CABLE,29,41,,,,
AA102043,ASSEMBLY EXHAUST TUBE,"13,300","19,000",,,,
AA102046,SILENCER ASSY COMPLETE,"24,500","35,000",,,,
AA102047,MUFFLER ASSY COMPLETE,"13,300","19,000",,,,
AA102055,BRACKET -CABLE OIL PR. SWITCH,5,8,,,,
AA102075,DEFLECTOR ASSEMBLY,147,210,,,,
AA102087,WIRE CIRCLIP,4,5,,,,
AA102088,VALVE INTAKE (ALT- 36AA4102-ASSLY),525,750,,,,
AA102089,VALVE EXHAUST (ALT- 36AA4102 -ASSLY),525,750,,,,
AA102092,ASSEMBLY CYLINDER HEAD (AA102093),"6,062","8,660",,,,
AA102093,ASSEMBLY CYLINDER HEAD (AA102092),"6,062","8,660",,,,
AA102094,CHAIN TIMING-205FL,213,304,,,,
AA102097,PIPE ASSEMBLY OIL COOL,700,"1,000",,,,
AA102100,PIPE ASSEMBLY OIL HOT,658,940,,,,
AA102110,SLEEVE,18,26,,,,
AA102114,NUT CLIP,32,45,,,,
AA102124,GASKET SILENCER,50,71,,,,
AA102154,HOOK ENGINE BREATHER TUBE,8,12,,,,
AA102161,CLUTCH ASSEMBLY,"2,772","3,960",,,,
AA102162,PLATE ASSEMBLY-CLUTCH,"1,511","2,158",,,,
AA102163,SPRING DETENT,3,5,,,,
AA102164,SELECTOR GEAR,127,182,,,,
AA102165,SPRING CLUTCH,16,23,,,,
AA102166,HUB CLUTCH,216,308,,,,
AA102167,COVER ASSLY - GEAR SHIFTER,58,83,,,,
AA102179,SILENCER ASSEMBLY,"31,500","45,000",,,,
AA102189,PLATE ASSEMBLY,22,31,,,,
AA102192,CONROD,397,567,,,,
AA102193,GROMMET,32,45,,,,
AA102195,COOLER OIL ( OLD AN121205 ),"1,596","2,280",,,,
AA102196,GUARD COOLER OIL,125,179,,,,
AA102197,BRACKET COOLER OIL,147,210,,,,
AA102209,COVER DIFFERENTIAL,"1,078","1,540",,,,
AA102210,GASKET COVER DIFFERENTIAL,77,110,,,,
AA102225,CRANKCASE CLUTCH SIDE,"4,200","6,000",,,,
AA102237,MANIFOLD INTAKE,322,460,,,,
AA102244,CRANKCASE MAGNETO SIDE,"4,858","6,940",,,,
AA102263,SILENCER ASSEMBLY,"29,400","42,000",,,,
AA102264,PIPE ASSEMBLY A,"15,526","22,180",,,,
AA102277,GEAR ASSEMBLY SECTOR,633,904,,,,
AA102278,BEARING NEEDLE,102,145,,,,
AA102281,ASSEMBLY HANDLE STARTING,609,870,,,,
AA102291,BUSH,168,240,,,,
AA102301,SPACER,50,72,,,,
AA102319,SILENCER ASSEMBLY,"6,454","9,220",,,,
AA102344,LEVER STARTING FRONT,252,360,,,,
AA102345,LEVER STARTING ENGINE,259,370,,,,
AA102347,TUBE ASSEMBLY CONNECTING,196,280,,,,
AA102350,JOINT BALL,433,618,,,,
AA102351,CONNECTOR,74,105,,,,
AA102363,SHAFT KICK,532,760,,,,
AA102364,TUBE ASSEMBLY,828,"1,183",,,,
AA102370,GRIP HANDLE STARTING,20,28,,,,
AA102378,MUFFLER ASSEMBLY,"12,432","17,760",,,,
AA102389,CLUTCH ASSEMBLY,"2,713","3,876",,,,
AA102398,HOUSING ASSEMBLY CLUTCH,"1,313","1,875",,,,
AA102406,GEAR SPEED FIRST,701,"1,001",,,,
AA102431,PINION PRIMARY,315,450,,,,
AA102432,DIFFERENTIAL ASSEMBLY,"3,638","5,197",,,,
AA102433,HOUSING ASSEMBLY GEAR SATELLITE,734,"1,048",,,,
AA102434,GEAR DIFFERENTIAL,"1,446","2,065",,,,
AA102435,GEAR SATELLITE,168,240,,,,
AA102438,GEAR BEVEL,347,495,,,,
AA102540,CRANKSHAFT ASSEMBLY,"4,736","6,765",,,,
AA111049,GROMMET FOR STARTER MOTOR BRACKET.,6,8,,,,
AA111067,SUPPORT ASY.-STARTER MOTOR:-VARROC MOTOR,32,46,,,,
AA111079,COVER ASSEMBLY - END COVER,525,750,,,,
AA111080,BRACKET - END COVER,210,300,,,,
AA111081,BRACKET ASSEMBLY - INTERMEDIATE,294,420,,,,
AA111082,ARMATURE ASSEMBLY,"1,120","1,600",,,,
AA111083,DRIVE ASSEMBLY,"1,848","2,640",,,,
 AA111085,KIT - BRUSH BOX ASSEMBLY,259,370,,,,
AA111086,SPRING - PINION RETURN,28,40,,,,
AA111087,CIRCLIP -DRIVE ASSEMBLY(DIAMETER = 10.2),22,31,,,,
AA111093,ASSEMBLY FIXING BRACKET(EXTEND),308,440,,,,
AA111094,GEAR SHAFT ASSLY(EXEND CASTING),"1,666","2,380",,,,
AA111095,GEAR SHAFT UNIT(EXTEND CASTING),420,600,,,,
AA111118,GASKET,6,8,,,,
AA111120,DAMPER FOR CDI-205FL,27,39,,,,
AA111132,COIL H.T. WITH CABLE AND CAP-LH (AN111017),364,520,,,,
AA111134,COIL H.T. WITH CABLE AND CAP-RH (AN111018),413,590,,,,
AA111147,CAP SPARK PLUG SOLID POST,95,135,,,,
AA111148,GROMMET SPARK PLUG,18,25,,,,
AA111151,ROTOR ASSEMBLY,"1,876","2,680",,,,
AA111153,PLUG SPARK WITH SOLID POST-FMG (AA111154),84,120,,,,
AA111154,PLUG SPARK SOLID POST-BOSH (AA111153),112,160,,,,
AA111156,ASSEMBLY CDI MULTI MAP -GASOLINE,"1,386","1,980",,,,
AA111157,CAP SPARK PLUG-LH,77,110,,,,
AA111176,HT Cable with Sleeve LH,27,39,,,,
AA111177,HT Cable with Sleeve LH,70,100,,,,
AA111192,ROTOR ASSEMBLY,"2,919","4,170",,,,
AA111194,STATOR ASSEMBLY,"1,603","2,290",,,,
AA111202,ROTOR ASSEMBLY,"1,890","2,700",,,,
AA111203,STATOR ASSEMBLY,"1,484","2,120",,,,
AA111224,GROMMET CAP PLUG SPARK,20,29,,,,
AA121045,CLAMP (DUCT CARBURETTOR),23,33,,,,
AA121060,OIL PUMP ASSEMBLY (AA121336),224,320,,,,
AA121137,TUBE BREATHER (AA121264),27,39,,,,
AA121148,GASKET SEALING,43,61,,,,
AA121149,CLIP AIR FILTER,15,21,,,,
AA121150,ELEMENT AIR FILTER,428,611,,,,
AA121187,PLUNGER ASSEMBLY,67,96,,,,
AA121195,ASSEMBLY COMPLETE INTEGRAL DUCT,479,684,,,,
AA121204,ASSEMBLY AIR FILTER(OLD AA121259),779,"1,113",,,,
AA121208,CARBURETTOR ASSY.- FL EXPORT,"2,155","3,078",,,,
AA121209,CARBURETTOR ASSY EURO II- FL EXP (AA121257),"2,124","3,034",,,,
AA121218,MANIFOLD INTAKE,98,140,,,,
AA121223,INSULATOR FOR MANIFOLD ( AA121226 ),13,18,,,,
AA121226,INSULATOR FOR MANIFOLD ( AA121223 ),13,18,,,,
AA121230,MANIFOLD INTAKE-BOTH SIDE FLANGE,154,220,,,,
AA121241,ASSEMBLY DUCT INTEGRAL COMPLETE,480,686,,,,
AA121257,CARBURETTOR ASSY.-FLANGE TYPE (NEW-AA121209),"1,539","2,198",,,,
AA121259,ASSEMBLY AIR FILTER(OLD AA121204),779,"1,113",,,,
AA121264,TUBE BREATHER (AA121137),27,39,,,,
AA121265,TUBE OVERFLOW CARB.,25,36,,,,
AA121285,ASSLY. HOSE INTEGRAL COMP (AA121322),762,"1,089",,,,
AA121286,DUCT ASSEMBLY FILTER AIR INLET,566,809,,,,
AA121305,FILTER ASSEMBLY-AIR (AU581007),870,"1,243",,,,
AA121306,MANIFOLD INTAKE,384,548,,,,
AA121322,HOSE ASSEMBLY (AA121285),762,"1,089",,,,
AA121328,TUBE BREATHER 1,34,49,,,,
AA121329,TUBE BREATHER 2,120,171,,,,
AA121336,OIL PUMP ASSEMBLY ( AA121060 NEW ),224,320,,,,
AA121344,SLEEVE FILTER AIR,85,122,,,,
AA121370,GRILL INTAKE AIR,74,106,,,,
AA121373,FILTER ASSEMBLY AIR,826,"1,180",,,,
AA121381,PIPE INTAKE AIR,55,78,,,,
AA121383,ELEMENT FILTER AIR,520,743,,,,
AA121412,PIPE BREATHER,42,60,,,,
AA121424,FILTER ASSEMBLY AIR,946,"1,352",,,,
AA131004,GASKET - FAREMETER HOUSING,12,17,,,,
AA131033,HOUSING ASSEMBLY - SATELLITE GEAR,679,970,,,,
AA141046,CLIP -SPRING BAND:DIA. 7.8 FOR 3W-4S-USA,6,9,,,,
AA141067,CLIP SWIVEL SPACER,15,21,,,,
AA141071,ASSLY. FUEL TANK WELDED(AA141095) (OLD24121682),"1,428","2,040",,,,
AA141079,BAFFLE FUEL SPILLAGE,73,104,,,,
AA141080,GROMMET FOR BAFFLE FUEL SPILLAGE,22,32,,,,
AA141081,PIPE FILTER TO CARBURETOR,49,70,,,,
AA141082,SLEEVE FILTER TO CARBURETOR,11,15,,,,
AA141085,PIPE TANK TO FILTER,14,20,,,,
AA141088,GROMMET BAFFLE NON FACE SEALING,39,56,,,,
AA141090,HOOK CLIP,8,12,,,,
AA141095,ASSLY. FUEL TANK WELDED (AA141071),"1,428","2,040",,,,
AA141105,RING O- F TANK CAP,27,39,,,,
AA141115,ASSEMBLY FUEL CAP WITH HANDLE,153,218,,,,
AA141125,ASSEMBLY FUEL CAP,167,239,,,,
AA141144,TANK ASSEMBLY WELDED-FUEL,"2,121","3,030",,,,
AA141154,GROMMET FUEL TANK MOUTING,6,9,,,,
AA141200,PIPE ASSEMBLY TANK-MANIFOLD,413,590,,,,
AA151039,HOSE BRAKE FRONT FL,574,820,,,,
AA151044,KIT BRAKE SHOE,267,382,,,,
AA151047,HUB FRONT WHEEL,"1,344","1,920",,,,
AA151049,SPACER,20,28,,,,
AA151056,LEVER ASSEMBLY BRAKE PARKING,756,"1,080",,,,
AA151057,ASSEMBLY FRONT CABLE (BG131802 - OLD),273,390,,,,
AA151059,ASSEMBLY REAR CABLE,539,770,,,,
AA151060,BRACKET EQUALIZER,126,180,,,,
AA151061,COVER EQUALIZER,35,50,,,,
AA151069,PANEL ASSEMBLY BRAKE REAR RH,"1,545","2,207",,,,
AA151071,PANEL ASSEMBLY BRAKE REAR LH,"1,215","1,736",,,,
AA151074,PANEL ASSEMBLY BRAKE FRONT,"1,574","2,249",,,,
AA151080,LEVER ASSEMBLY BRAKE PARKING,525,750,,,,
AA151081,EQUALIZER ASSEMBLY,727,"1,038",,,,
AA151082,BRACKET EQUALIZER,75,107,,,,
AA151083,CABLE BRAKE PARKING REAR,371,530,,,,
AA151084,HUB FRONT,"1,369","1,955",,,,
AA161080,COVER - PLATE ELECTRICAL UNIT,120,172,,,,
AA161081,PACKING - COVER,6,9,,,,
AA161089,BRACKET - COUPLER / FAREMETER,111,159,,,,
AA161183,ED COATED FR MUDGUARD,840,"1,200",,,,
AA161190,HOUSING HEADLAMP LH REFL,252,360,,,,
AA161191,HOUSING HEADLAMP RH REFL,252,360,,,,
AA161215,DASHBOARD PLASTIC REFL,818,"1,168",,,,
AA161216,COVER SPEEDOMETER REFL,102,146,,,,
AA161218,TRIM UPPER SMALL LH,133,190,,,,
AA161219,TRIM UPPER SMALL RH,147,210,,,,
AA161225,BRACKET CONTROL MOUNTING FL,161,230,,,,
AA161265,ASSEMBLY PLATE ELECTRICAL REAR FL,301,430,,,,
AA161268,BEADING HOUSING HEADLAMP FL,57,82,,,,
AA161269,BEADING STEERING COVER UPPER FL,13,18,,,,
AA161270,BEADING STEERING COVER LOWER FL,13,18,,,,
AA161283,COVER REAR ELECTRICAL PLATE FL,108,154,,,,
AA161290,BRACKET HARNESS,8,11,,,,
AA161292,ED COATED BARE CHASSIS COMPLETE (52AA0974),"31,500","45,000",,,,
AA161305,DASHBOARD PLASTIC,739,"1,056",,,,
AA161306,COVER SPEEDOMETER,91,130,,,,
AA161307,LID TOOL BOX RH,84,120,,,,
AA161308,LID TOOL BOX LH,74,105,,,,
AA161309,TOOLBOX RH SIDE,231,330,,,,
AA161310,COVER MIDDLE PORTION,46,65,,,,
AA161315,ASSEMBLY ENGINE MOUNTING MEMEBER,763,"1,090",,,,
AA161327,TRIM UPPER SMALL LH,126,180,,,,
AA161328,TRIM UPPER SMALL RH,147,210,,,,
AA161337,MEMBER ASSEMBLY ENGINE,"1,330","1,900",,,,
AA161347,PLATE ASSEMBLY ELECTRICAL REAR (AA161392),350,500,,,,
AA161351,ASSEMBLY TRAY BATTERY FI,200,286,,,,
AA161356,ASSEMBLY CHASSIS BARE FI (52AA0974),"31,500","45,000",,,,
AA161357,COVER SPEEDOMETER,98,140,,,,
AA161363,COVER ECU,70,100,,,,
AA161375,BRACKET ECU,189,270,,,,
AA161383,MEMBER ASSEMBLY ENGINE,"1,267","1,810",,,,
AA161392,PLATE ASSEMBLY ELECTRICAL REAR (AA161347),350,500,,,,
AA161433,TRIM UPPER LH,315,450,,,,
AA161435,TRIM UPPER RH,315,450,,,,
AA161437,TRIM MIDDLE,259,370,,,,
AA161438,TRIM MIDDLE UPPER,70,100,,,,
AA161443,LID TOOLBOX,80,114,,,,
AA161444,COVER MIDDLE,84,120,,,,
AA161446,DASHBOARD,"1,400","2,000",,,,
AA161447,HOUSING RADIO,88,125,,,,
AA161448,SEAL,13,18,,,,
AA161473,COVER ASSEMBLY SPEAKER LH,74,105,,,,
AA161474,COVER ASSEMBLY SPEAKER RH,74,105,,,,
AA161475,ASSEMBLY SPEAKER LH,399,570,,,,
AA161476,ASSEMBLY SPEAKER RH,399,570,,,,
AA161480,COVER ASSEMBLY MIDDLE,140,200,,,,
AA171006,BUSH - SILENT FOR TRAILING ARM,91,130,,,,
AA171011,PIN ASSEMBLY - PIVOT,133,190,,,,
AA171022,TUBE ASSEMBLY,60,85,,,,
AA171024,RING SPACER TR ARM TUBE,2,3,,,,
AA171025,ASSEMBLY STEERING COLUMN (AA171027),"4,011","5,730",,,,
AA171027,ASSEMBLY STEERING COLUMN (AA171025),"4,011","5,730",,,,
AA181022,BEARING RACE LOWER,123,175,,,,
AA181023,COVER DUST LOWER,36,52,,,,
AA181039,COLUMN ASSEMBLY STEERING,"4,130","5,900",,,,
AA181058,COVER BEARING UPPER,13,18,,,,
AA181059,RACE INNER UPPER,112,160,,,,
AA181067,SET LOCK,"1,083","1,547",,,,
AA191010,CABLE COMPLETE - REVERSE GEAR,190,271,,,,
AA191012,CABLE - INNER :- REVERSE GEAR,40,57,,,,
AA191032,LEVER - CLUTCH,91,130,,,,
AA191091,CABLE ACCELERATOR COMPLETE,245,350,,,,
AA191092,CABLE CLUTCH COMPLETE,410,585,,,,
AA191093,CABLE GEAR BLACK COMPLETE,308,440,,,,
AA191094,CABLE GEAR WHITE COMPLETE,280,400,,,,
AA191102,SPEEDOMETER CABLE,308,440,,,,
AA191113,ASSEMBLY REVERSE LEVER,315,450,,,,
AA191114,RATCHET REVERSE LEVER,231,330,,,,
AA191115,CABLE REVERSE LEVER,364,520,,,,
AA191116,LEVER REVERSE CONTROL,182,260,,,,
AA191117,SPRING TENSION REVERSE CONTROL,39,55,,,,
AA191119,PIVOT PIN REVERSE LEVER,26,37,,,,
AA191120,PIN UPPER REVERSE LEVER,23,33,,,,
AA191121,SPRING FOR SWITCH,3,5,,,,
AA191122,PIN ASSEMBLY,26,37,,,,
AA191134,CABLE SPEEDOMETER,322,460,,,,
AA191139,CABLE ACCELERATOR,238,340,,,,
AA191140,CABLE CHOKE,273,390,,,,
AA201012,Relay - starter,348,497,,,,
AA201090,BRACKET - MOUNTING :- TAIL LIGHT,10,14,,,,
AA201185,BOX ASSEMBLY WITH FUSE RE4S (AN201012),371,530,,,,
AA201194,INDICATOR ASSEMBLY(TW POD 4S-UG),435,622,,,,
AA201227,LAMP 12V 18/5W,26,37,,,,
AA201239,HORN DC 12V WITH TRANSIL DIODE,238,340,,,,
AA201254,KIT IGNITION SWITCH (36AA4028) WITH KEY,490,700,,,,
AA201258,LABEL PARKING OFF ON START PTRL,10,14,,,,
AA201262,RUBBER CAP HEADLAMP FL,76,109,,,,
AA201263,MOTOR WIPER,"2,170","3,100",,,,
AA201264,SCREW PAN CROSS M5X40L,4,6,,,,
AA201272,ASSEMBLY INDICATOR,648,926,,,,
AA201275,HARNESS WIRING FRONT,"2,744","3,920",,,,
AA201276,HARNESS WIRING REAR,"2,898","4,140",,,,
AA201278,SPEEDOMETER (AL191043),826,"1,180",,,,
AA201305,LAMP ENGINE CABIN RE COMPACT,196,280,,,,
AA201310,HARNESS BODY (AA201361-NEW),238,340,,,,
AA201312,HARNESS WIRING REAR COMPACT 4S (AA201329),"2,583","3,690",,,,
AA201313,ASSEMBLY INDICATOR RH,868,"1,240",,,,
AA201314,CABLE BATTERY RE COMPACT 4S,"2,296","3,280",,,,
AA201315,HARNESS WIRING FRONT,"2,653","3,790",,,,
AA201320,SPACER FOR SWITCH,5,8,,,,
AA201325,SWITCH OIL PRESSURE,259,370,,,,
AA201329,HARNESS WIRING REAR EXPORT (AA201312),"2,583","3,690",,,,
AA201331,HARNESS REVRESE SWITCH,26,37,,,,
AA201332,ASSLY. REVERSE SWITCH W/ HARNESS (24201421),112,160,,,,
AA201341,LAMP 12V 1.7W,13,18,,,,
AA201344,CABLE FOR FAREMETER LAMP,56,80,,,,
AA201358,HARNESS FRONT RE 4S PETROL,"2,702","3,860",,,,
AA201359,CABLE BATTERY RE COMPACT 4S,"2,219","3,170",,,,
AA201361,HARNESS BODY RE 4S PETROL(AA201310-OLD),238,340,,,,
AA201362,ASSEMBLY INDICATOR RH,882,"1,260",,,,
AA201363,TANK UNIT(BH402600),273,390,,,,
AA201368,HARNESS WIRING-FRONT,"2,062","2,946",,,,
AA201369,HARNESS WIRING REAR FI (AA201432),"9,450","13,500",,,,
AA201370,CABLE BATTERY POSITIVE,707,"1,010",,,,
AA201374,INDICATOR ASSEMBLY-FI-RH,994,"1,420",,,,
AA201375,PUMP FUEL MODULE FI,"4,438","6,340",,,,
AA201378,HARNESS WIRING-BODY FI,980,"1,400",,,,
AA201379,CABLE BATTERY,627,895,,,,
AA201380,CABLE EARTH ENGINE-CHASSIS,91,130,,,,
AA201382,UNIT TRANSIL,99,141,,,,
AA201383,TANK UNIT-FI,315,450,,,,
AA201384,BOX ASSEMBLY-FUSE,392,560,,,,
AA201391,CABLE BATTERY -VE,282,403,,,,
AA201395,HARNESS WIRING FRONT,"2,793","3,990",,,,
AA201397,INDICATOR POD RH,994,"1,420",,,,
AA201404,INDICATOR LED MIL,57,82,,,,
AA201407,REGULATOR ASSEMBLY FI,"2,163","3,090",,,,
AA201414,HARNESS WIRING-FRONT-PETROL,"2,310","3,300",,,,
AA201415,HARNESS WIRING-REAR-PETROL,"4,353","6,219",,,,
AA201432,HARNESS WIRING REAR FI (AA201369),"9,450","13,500",,,,
AA201501,SWITCH PRESSURE OIL,168,240,,,,
AA201515,SOCKET CHARGER,140,200,,,,
AA201525,LAMP HEAD LH,"1,114","1,591",,,,
AA201526,LAMP HEAD RH,"1,114","1,591",,,,
AA201538,UNIT TRANSIL,161,230,,,,
AA201541,HARNESS WIRING REAR,"4,353","6,219",,,,
AA201563,REAR WIRING HARNESS,"11,523","16,461",,,,
AA201573,HARNESS WIRING FRONT,"3,138","4,483",,,,
AA201582,BOX ASSEMBLY FUSE,483,690,,,,
AA201583,HARNESS WIRING BODY,946,"1,352",,,,
AA201596,WIRING HARNESS REAR,"10,080","14,400",,,,
AA201641,HARNESS WIRING REAR,"11,213","16,018",,,,
AA210017,ASSEMBLY DRIVER SEAT,"1,589","2,270",,,,
AA210019,ASSEMBLY DRIVER BACKREST,770,"1,100",,,,
AA210022,ASSEMBLY PASSENGER SEAT,"3,045","4,350",,,,
AA210024,ASSEMBLY PASSENGER BACKREST,"3,255","4,650",,,,
AA210036,ASSEMBLY DRIVER SEAT BROWN,"1,708","2,440",,,,
AA210037,ASSEMBLY DRIVER BACKREST BROWN,805,"1,150",,,,
AA210038,ASSEMBLY PASS SEAT BROWN,"3,136","4,480",,,,
AA210039,ASSEMBLY PASS BACKREST BROWN,"2,527","3,610",,,,
AA221005,MIRROR ASSEMBLY - LH,182,260,,,,
AA221006,MIRROR ASSEMBLY - RH,182,260,,,,
AA221028,EMBLEM 4S,3,5,,,,
AA221033,TOOLKIT COMPLETE,504,720,,,,
AA221042,SIDE MIRROR ( L ),406,580,,,,
AA221043,SIDE MIRROR ( R ),406,580,,,,
AA231126,DAMPER FOR DOOR SIDE FILLING,3,5,,,,
AA231129,DAMPER FOR SEAT DRIVER,39,55,,,,
AA231142,CLAMP AIR FILTER,98,140,,,,
AA231223,COVER WIPER MOTOR FL,63,90,,,,
AA231239,BEADING ONE PIECE W/S GLASS,763,"1,090",,,,
AA231245,BOLT COMBINATION,16,23,,,,
AA231273,RUBBER PLUG ON BODY,10,14,,,,
AA231279,SEAT ASSEMBLY PASSENGER,"3,220","4,600",,,,
AA231294,ED BODY COMP 2S REFRESH(52240912),"20,825","29,750",,,,
AA231297,HOOD COMPLETE MUSHROOM,"3,052","4,360",,,,
AA231306,MAT LUGGAGE COMPARTMENT,835,"1,193",,,,
AA231307,ASSEMBLY REAR DOOR ED COATED_(52AA0501),"1,190","1,700",,,,
AA231320,HOOD COMPLETE BLACK (OLD - 24231605),"3,164","4,520",,,,
AA231349,ASSLY BODY COMPLETE ED COATED_FI_(52AA0973),"14,280","20,400",,,,
AA231379,BACKREST ASSEMBLY PASSENGER,"2,387","3,410",,,,
AA231409,LABEL PARKING-IGNITION,9,13,,,,
AA231483,SEAT ASSEMBLY DRIVER BROWN,"1,526","2,180",,,,
AA231544,BOOT,36,52,,,,
AA231549,HOOD ASSEMBLY BLACK,"4,195","5,993",,,,
AA231559,FRAME ASSEMBLY SEAT DRIVER,"1,361","1,944",,,,
AA231573,EMBLEM BAJAJ RE,189,270,,,,
AA251007,LABEL TORITO WHITE,91,130,,,,
AA251008,LABEL TORITO BLACK,91,130,,,,
AB101014,GUIDE - STARTER GEAR,8,11,,,,
AB101038,GROMMET - BREATHER,39,55,,,,
AB101067,CROSS,214,305,,,,
AB111107,YOKE AND MAGNET ASSEMBLY,410,585,,,,
AB151049,"BOLT - M10 X 1 :- BANJO, BRAKE",18,25,,,,
AB151054,CONTAINER - OIL WITH CAP,175,250,,,,
AB151072,CAP - BRAKE OIL RESERVOIR,74,105,,,,
AB151079,SCREW - BLEEDER,53,75,,,,
AB161182,PLATE - CHECK :- FRONT MUDGUARD MOUNTING,29,42,,,,
AB171013,BUSH - TOP RUBBER,17,24,,,,
AB171014,CUP - LOCATING :- TOP RUBBER BUSH,15,21,,,,
AB171015,SPACER NUT SPRING CUP,24,34,,,,
AB171016,BUSH ASSEMBLY:- FRONT SHOCKABSORBER MTG.,53,75,,,,
AB171017,SPRING - FRONT SUSPENSION,154,220,,,,
AB171020,BUSH - NEEDLE,123,176,,,,
AB171022,CUP - GREASE :- NUT,35,50,,,,
AB171023,CUP FRONT WHEEL HUB,3,5,,,,
AB171031,BOLT FOR SHOCKABSORBER MOUNTING,34,49,,,,
AB171037,SPACER (ALT. 24171138),4,5,,,,
AB171044,SHOCKABSORBER ASSEMBLY COMPLETE - FRONT,595,850,,,,
AB181012,BALL - STEEL WITH CAGE - LOWER :- NYLON,56,80,,,,
AB181016,BEARING RACE - UPPER :- INNER,98,140,,,,
AB181017,BALL - STEEL WITH NYLON CAGE - UPPER(BH151093),35,50,,,,
AB181019,BEARING RACE - UPPER :- OUTER,112,160,,,,
AB181020,WASHER - SPACER :- TOP BEARING RACES,20,29,,,,
AB181022,PLATE ASSEMBLY - LOWER,81,115,,,,
AB181023,PLATE - UPPER (BH151065),98,140,,,,
AB181033,RACE -BEARING:LOWER-OUTER(THICK. 4.5 MM),245,350,,,,
AB201076,RELAY FLASHER (HAZARD) (31201029),182,260,,,,
AB201077,SWITCH - HAZARD WARING,175,250,,,,
AF101035,TUBE BREATHER,196,280,,,,
AF101087,COVER CLUTCH,"1,470","2,100",,,,
AF101191,BRACKET,5,8,,,,
AF101208,GEAR IDLER,"1,134","1,620",,,,
AF101209,GEAR REVERSE,574,820,,,,
AF101272,HEAD CYLINDER,"3,733","5,333",,,,
AF101277,CRANKSHAFT ASSEMBLY,"3,167","4,524",,,,
AF101340,GASKET CRANKCASE,117,167,,,,
AF101440,GEAR SPEED SECOND,526,751,,,,
AF101441,GEAR SPEED THIRD,484,692,,,,
AF101442,GEAR MULTIPLE,457,653,,,,
AF101445,VALVE EXHAUST,224,320,,,,
AF101452,CRANKCASE CLUTCH SIDE,"4,124","5,892",,,,
AF101743,BRACKET PIPE COOLER OIL,34,49,,,,
AF101758,SLEEVE PLUG SPARK,255,364,,,,
AF111021,STARTER MOTOR ASSY COMPLETE,"3,887","5,553",,,,
AF111023,FIXING BRACKET ASSLY,350,500,,,,
AF111031,CAP SPARK PLUG LH SOLID POST,74,105,,,,
AF111032,CAP SPARK PLUG RH SOLID POST,98,140,,,,
AF111033,GROMMET FOR HT CABLE,9,14,,,,
AF111034,GROMMET SPARK PLUG CAP LH,24,34,,,,
AF111035,GROMMET FOR SPARK PLUG CAP RH,21,30,,,,
AF111050,COIL ASSEMBLY IGNITION RH,574,820,,,,
AF121445,FLOAT ASSEMBLY (24121365),350,500,,,,
AF121449,SPRING THROTTLE VALVE,11,16,,,,
AF121547,ASSEMBLY DUCT INTEGRAL - FI,462,660,,,,
AF121548,BRACKET HOLDING TH. BODY - FI,28,40,,,,
AF121550,INSULATOR FOR FI,37,53,,,,
AF151089,WHEEL RIM 3.00BX8H2,"1,088","1,554",,,,
AF151091,TYRE 4.00-8,"2,832","4,045",,,,
AF161144,COVER PLATE ELECTRICAL REAR,126,180,,,,
AF161281,ISOLATOR,231,330,,,,
AF161300,MEMBER ASSEMBLY ENGINE,"1,043","1,490",,,,
AF161305,PLATE ASSEMBLY ELECTRICAL,168,240,,,,
AF170008,CAP LINK FRONT,11,16,,,,
AF181039,SET LOCK,933,"1,333",,,,
AF191012,CABLE ACCELERATOR COMPLETE FI,263,375,,,,
AF191030,CABLE ACCELERATOR,249,356,,,,
AF201001,RELAY,158,226,,,,
AF201036,REGULATOR ASSEMBLY,"1,260","1,800",,,,
AF201081,LAMP (LIGHT) ASSEMBLY - CABIN WITH LAMP,211,302,,,,
AF201094,SWITCH - BRAKE (SEALED DESIGN),196,280,,,,
AF201207,CABLE BATTERY-POSITIVE,490,700,,,,
AF201248,REGULATOR,"1,636","2,337",,,,
AF201262,RELAY STARTER ASSEMBLY,511,730,,,,
AF201267,CABLE SENSOR TEMPERATURE,124,177,,,,
AF201273,CABLE BATTERY POSITIVE,624,892,,,,
AF231650,PLATE SCUFF LH,90,128,,,,
AF231657,FRAME ASSEMBLY HOOD,"2,730","3,900",,,,
AF231702,LATCH DOOR LH,406,580,,,,
AF231703,LATCH DOOR RH,406,580,,,,
AF231708,DAMPER,47,67,,,,
AF231720,TUBE ASSEMBLY SUPPORT BACKREST,469,670,,,,
AF231742,PLATE SCUFF RH,90,128,,,,
AF231754,COVER PANEL BODY LH,151,216,,,,
AF231755,COVER PANEL BODY RH,163,233,,,,
AF231756,TRIM DOOR INNER LH,98,140,,,,
AF231757,TRIM DOOR INNER RH,98,140,,,,
AF231775,PLATE STRIKER,78,112,,,,
AG121077,CARBURETOR ASSLY.,"2,044","2,920",,,,
AH111204,FOOTREST,189,270,,,,
AH131850,EQUALIZER ASSEMBLY,378,540,,,,
AH131851,ROD BRAKE FRONT,99,141,,,,
AH131852,BRACKET EQUALIZER,17,24,,,,
AH131853,COVER EQUALIZER,119,170,,,,
AH131859,CABLE BRAKE PARKING REAR LH,343,490,,,,
AH131861,PIN,11,16,,,,
AH131866,CYLINDER ASSEMBLY TANDEM MASTER,"1,266","1,809",,,,
AH131867,ASSEMBLY TMC WITH HOSE FL(B,"1,680","2,400",,,,
AH185007,CLIP,13,18,,,,
AH231800,MAT FOOTREST,53,76,,,,
AH401043,INDICATOR FRONT LH,439,627,,,,
AH401044,INDICATOR FRONT RH,437,624,,,,
AK201012,FUSE - 10A (BLADE TYPE),7,10,,,,
AL103003,PLUG DRAIN,12,17,,,,
AL121062,ELEMENT AIR FILTER,441,630,,,,
AL121068,SEAL RING FLAT,44,63,,,,
AL121069,CLAMP FLAT,14,20,,,,
AL131055,CROSS DIFFERENTIAL,336,480,,,,
AL131058,GEAR - SATELLITE,151,215,,,,
AL151004,AXLE - FRONT WHEEL,371,530,,,,
AL151005,ASSLY DISTANCE PIECE,70,100,,,,
AL151007,COLLAR,4,6,,,,
AL151008,SPACER ASSLY,85,122,,,,
AL151011,NUT - COLLAR,80,114,,,,
AL151012,LOCKING CLIP,13,18,,,,
AL151017,TYRE WITH TUBE 4.5 X 10,"1,764","2,520",,,,
AL151018,"TYRE (4.5 X 10"")","4,718","6,740",,,,
AL151019,TUBE,777,"1,110",,,,
AL151052,CAP - BLEEDER,2,3,,,,
AL151053,WASHER - SPRING (B6),4,6,,,,
AL151054,BOLT,2,3,,,,
AL151089,NUT - SPECIAL :- M16 X 1.5P,112,160,,,,
AL151104,LEVER - CONTROL :- HAND BRAKE,23,33,,,,
AL151194,AUTO ADJUSTER ASSLY FRONT,280,400,,,,
AL151205,BOLT WHEEL CYLINDER MTG.,12,17,,,,
AL151211,AUTO ADJUSTER ASSLY LH,298,426,,,,
AL151220,ASSLY BRAKE PIPE REAR 2,637,910,,,,
AL151222,CABLE HAND BRAKE LH CARGO,259,370,,,,
AL151223,CABLE BRAKE PARKING RH,343,490,,,,
AL151231,ASSEMBLY WHEEL CYLINDER FRONT,413,590,,,,
AL151235,ASSEMBLY BRAKE PANEL WITH FLANGE,"2,898","4,140",,,,
AL151236,PANEL ASS FR 3WH CARGO,"2,450","3,500",,,,
AL151237,ASSEMBLY PANEL REAR LH,"1,722","2,460",,,,
AL151238,ASSEMBLY PANEL REAR RH,"1,722","2,460",,,,
AL151242,DRUM BRAKE FRONT,"1,421","2,030",,,,
AL151243,HUB FRONT CARGO,805,"1,150",,,,
AL151246,ASSEMBLY RIM 3.50 B X 10,"1,554","2,220",,,,
AL151249,ASSLY DRIVE FLANGE,"1,163","1,661",,,,
AL151252,NUT CONICAL M12,28,40,,,,
AL151254,CIRCLIP FOR AI151151,4,6,,,,
AL151266,FLANGE PANEL BRAKE,622,889,,,,
AL161152,LATCH MECHANISM LH,57,82,,,,
AL161184,HINGE GLOVE BOX LID,29,42,,,,
AL161185,CLIP - GLOVE BOX LID (RE-GC DASHBOARD),2,3,,,,
AL161186,PIN DASHBOARD HINGE,5,8,,,,
AL161226,MUDFLAP FOR REAR MUDGUARD,105,150,,,,
AL161229,STRIP FOR MUD FLAP,8,11,,,,
AL161236,PLUG FOR BLINKER HOUSING,4,6,,,,
AL161362,KIT LOCK - STERO LID WITH KE (36AL0016),108,154,,,,
AL161377,REAR MUDGUARD,497,710,,,,
AL161379,COVER SWITCH,32,46,,,,
AL161381,COVER STEERING,43,62,,,,
AL161382,LID GLOVE BOX,91,130,,,,
AL161390,ASSEMBLY LID STEREO,81,115,,,,
AL161392,PACKING,15,21,,,,
AL161502,TOOLBOX LID LEFT SIDE (PLASTIC),77,110,,,,
AL161503,TOOLBOX LID RIGHT SIDE (PLASTIC),77,110,,,,
AL161509,GROMMET SCREW ENG DOOR,5,8,,,,
AL161661,PANEL CONNECTING,84,120,,,,
AL161662,PLATE FOR HINGE RE 3WH CARGO,19,27,,,,
AL161705,EXTENSION PANEL SILL OUTER LH,32,46,,,,
AL161706,EXTENSION PANEL SILL OUTER RH,32,46,,,,
AL161744,PLATE ASSEMBLY,51,73,,,,
AL171017,DAMPER-RUBBER REAR SUSPENSION,231,330,,,,
AL171020,PIN ASSEMBLY - PIVOT,210,300,,,,
AL171025,BOLT FOR AXLE,24,34,,,,
AL171036,RUBBER - MOUNTING / SLEEVE,46,65,,,,
AL171045,SPRING (RATE 4.0) - FRONT SUSPENSION,280,400,,,,
AL171051,BOLT FOR LINK PIVOT,57,82,,,,
AL171053,PLATE - LOCK,4,5,,,,
AL171058,LOCKING PIN,53,75,,,,
AL171081,BUSH-LINK PIVOT FOR IGUS BUSH,70,100,,,,
AL171091,LINK ASSEMBLY LH,888,"1,269",,,,
AL171093,LINK ASSEMBLY RH,"1,120","1,600",,,,
AL171095,BEARING SLEEVE,73,104,,,,
AL171104,CAP LINK PIVOT,102,145,,,,
AL171138,ASSEMBLY REAR SHOCKABSORBER,"1,113","1,590",,,,
AL171139,SHOCKABSORBER FRONT,623,890,,,,
AL181005,COVER - DUST - TOP,46,65,,,,
AL181006,COVER - DUST - BOTTOM,51,73,,,,
AL191020,CABLE SPEEDOMETER-INNER,85,121,,,,
AL191028,SCREW :- M4 X 0.7,2,3,,,,
AL191043,SPEEDOMETER ASSEMBLY(NEW DASH'BD,779,"1,113",,,,
AL201012,RELAY HEAD LIGHT,105,150,,,,
AL201031,SWITCH (2 POSITION),175,250,,,,
AL201039,LAMP (LIGHT) ASSLY - CABIN,232,332,,,,
AL201060,SWITCH - CONTROL :- LH,189,270,,,,
AL201062,CAP SPARK PLUG LH S POST,1,2,,,,
AL201070,CLIP-P (FOR 3WH NEW CONTROL SWITCH HARNE,2,3,,,,
AL201100,CHARGER MOBILE,144,205,,,,
AL201119,HEAD LIGHT LH (SYM HS1),714,"1,020",,,,
AL201120,HEAD LIGHT RH (SYM HS1),714,"1,020",,,,
AL201127,CLIP PLASTIC TWIN DIA 17,28,40,,,,
AL211019,FRAME DRIVER SEAT FOR RE 900 FL,"1,211","1,730",,,,
AL241023,WIPER ARM BLADE ASSEMBLY,287,410,,,,
AL241189,SPRING GLASS LOCK,2,3,,,,
AL241220,HANDLE ASSLY LH-DOOR LOCK,113,161,,,,
AL241221,HANDLE ASSLY RH-DOOR LOCK,113,161,,,,
AL241277,HANDLE ASSLY LH,85,122,,,,
AL241278,HANDLE ASSLY RH,85,122,,,,
AL241344,LATCH STRIKER DOOR,75,107,,,,
AL241395,KNOB DOOR LOCK,19,27,,,,
AL241405,HINGE PIN,32,45,,,,
AL241442,BEADING DOOR,770,"1,100",,,,
AL241445,BRACKET JOINT LH,32,45,,,,
AL241446,BRACKET JOINT RH,32,45,,,,
AL241455,ASSLY HINGE UPPER LH -GLASS SW,102,145,,,,
AL241456,ASSLY HINGE LOWER LH-GLASS SW,151,215,,,,
AL241457,HANDLE LH FOR GLASS SWIVEL,32,45,,,,
AL241465,HANDLE RH-GLASS SWIVEL,32,45,,,,
AL241474,HINGE ASSLY LOWER RH-GLASS SW,151,215,,,,
AL241475,COVER DOOR LATCH FOR RE 900,102,145,,,,
AL241477,SPACER FOR HINGE ASSLY LOWER,10,14,,,,
AL241478,SPACER FOR HINGE ASSLY UPPER,5,8,,,,
AL241479,PIN STEP FOR HANDLE,28,40,,,,
AL241480,SPACER WITH COLLAR GLASS MTG,5,8,,,,
AL241481,SCREW STEPPED M6X1X11,6,9,,,,
AL241482,ASSLY HINGE UPPER RH-GLASS SW,102,145,,,,
AL241577,RUBBER PACKING LH,49,70,,,,
AL241578,PACKING UPPER CABIN,85,122,,,,
AL241603,ASSLY HINGE UPPER LH,203,290,,,,
AL241606,ASSLY HINGE LOWER LH,196,280,,,,
AL241609,ASSLY HINGE UPPER RH,214,305,,,,
AL241614,ASSLY HINGE LOWER RH,212,303,,,,
AL241662,STRIP DOOR LIMITING CARGO,105,150,,,,
AL241679,RUBBER PACKING RH,49,70,,,,
AL241689,BEADING FRONT LH SW GLASS,133,190,,,,
AL241690,BEADING FRON RH SW GLASS,133,190,,,,
AL241691,BEADING REAR LH SW GLASS,140,200,,,,
AL241692,BEADING REAR RH SW GLASS,140,200,,,,
AL241693,GLASS SWIVEL,382,546,,,,
AL241695,BEADING FIXED GLASS,153,219,,,,
AL241696,GLASS FIXED CARGO,259,370,,,,
AL241697,PACKING CABIN,16,23,,,,
AL241700,LATCH MECHANISM LH,249,356,,,,
AL241701,LATCH MECHANISM RH,249,356,,,,
AL241761,BRACKET STRIKER MTG,112,160,,,,
AL241767,RUBBER STOPPER TRAY REAR DOOR,34,48,,,,
AL241769,PACKING BALLATA,34,49,,,,
AL241774,LEVER GLASS LOCK,28,40,,,,
AL241775,LOCK GLASS,24,34,,,,
AL241784,BOLT COMBINATION TRAY,35,50,,,,
AL241796,BEADING FIXED GLASS,235,335,,,,
AL241803,GRMT SW GL LOCKING HANDLE LH,11,15,,,,
AL241804,GRMT SW GL LOCKING HANDLE RH,14,20,,,,
AL241811,ASSEMBLY LATCH - SLIDING GLASS WINDOW,135,193,,,,
AL241817,CATCH PLATE - SLIDING GLASS LATCH,34,49,,,,
AM101169,CRANKSHAFT ASSEMBLY,"4,628","6,612",,,,
AM101170,SPROCKET CRANKSHAFT,133,190,,,,
AM101171,GUIDE CHAIN TIGHT SIDE,70,100,,,,
AM101172,GUIDE CHAIN SLACK SIDE,126,180,,,,
AM101173,SPROCKET CAMSHAFT,151,215,,,,
AM101174,CHAIN,406,580,,,,
AM121169,CARB ASSLY.,"2,207","3,153",,,,
AM121213,ELEMENT FILTER AIR,453,647,,,,
AM191005,CABLE INNER SPEEDO RE205D LPG,84,120,,,,
AM201116,SWITCH CONTROL RH WITH DIODE,350,500,,,,
AM201141,CABLE PLATE ELECTRICAL FRONT,202,288,,,,
AM201236,UNIT TRANSIL,149,213,,,,
AN101062,CAP SEALING :-GC CNG,15,21,,,,
AN101113,NUT -DOMED CAP,11,16,,,,
AN101127,CRANKCASE CLUTCH SIDE,"4,571","6,530",,,,
AN101129,GASKET CENTRAL,112,160,,,,
AN101135,GASKET CYLINDER,35,50,,,,
AN101140,SPRING ENGINE VALVE,42,60,,,,
AN101147,PLATE STOPPER,8,12,,,,
AN101149,GASKET HEAD,126,180,,,,
AN101152,CRANKSHAFT ASSEMBLY (NEW-AA101949),"4,273","6,104",,,,
AN101155,SPROCKET CRANKSHAFT,112,160,,,,
AN101157,FAN,133,190,,,,
AN101161,CLUTCH COVER,"1,351","1,930",,,,
AN101162,COWLING INTAKE SIDE,161,230,,,,
AN101165,SHROUD FAN,232,332,,,,
AN101166,GUIDE CHAIN,46,65,,,,
AN101175,CONNECTOR OIL SUPPLY,116,166,,,,
AN101177,COVER HEAD CYLINDER,525,750,,,,
AN101181,SLEEVE SPARK PLUG,126,180,,,,
AN101182,BOLT SOCKET HEAD,28,40,,,,
AN101186,"GASKET, CLUTCH COVER",102,145,,,,
AN101188,"BOLT SPECIAL, CLUTCH COVER",23,33,,,,
AN101189,"PLATE STOPPER, CLUTCH COVER",15,21,,,,
AN101190,OIL FILTER ASSEMBLY,154,220,,,,
AN101197,MAINSHAFT,"1,239","1,770",,,,
AN101198,"SLEEVE, MAINSHAFT",388,554,,,,
AN101200,"SPACER, SLEEVE",36,52,,,,
AN101202,FAN BASE,97,138,,,,
AN101203,INTERNAL COWLING,350,500,,,,
AN101232,"PIPE COMPLETE, BANJO",102,145,,,,
AN101238,BOLT RESTRICTOR,18,26,,,,
AN101239,RUBBER SLEEVE SPARK,32,45,,,,
AN101250,PIN GUIDE CHAIN,57,82,,,,
AN101257,GUIDE CHAIN (TENSIONER SIDE),91,130,,,,
AN101258,RUBBER CAP SPARK PLUG,30,43,,,,
AN101298,COVER DIFFERENTIAL,"1,169","1,670",,,,
AN101307,PIPE OIL COOL,637,910,,,,
AN101308,PIPE OIL HOT,651,930,,,,
AN101312,GASKET DIFFERENTIAL COVER,84,120,,,,
AN101322,SHIELD EXHAUST TUBE,177,253,,,,
AN101323,DECOMPRESSION ASSEMBLY,182,260,,,,
AN101328,GEAR REVERSE CONTROL,455,650,,,,
AN101334,BRACKET SUPPORT-OIL TUBE,24,34,,,,
AN101336,DIFFERENTIAL GEAR,"1,169","1,670",,,,
AN101337,ASSEMBLY DIFFERENTIAL GEAR,"3,136","4,480",,,,
AN101338,IDLER GEAR,735,"1,050",,,,
AN101339,SHAFT MULTIPLE GEAR,442,632,,,,
AN101341,PINION PRIMARY,295,421,,,,
AN101342,PINION PRIMARY,295,421,,,,
AN101347,WASHER THRUST,11,15,,,,
AN101348,"CLIP -HOSE, ROTATABLE",14,20,,,,
AN101352,PLATE FOR CABLE HOLDING,2,3,,,,
AN101357,ASSY PISTON RE 205 FL GASOLINE,910,"1,300",,,,
AN101361,PLATE HOLDER,90,128,,,,
AN101375,SHAFT CLUTCH RELEASE,130,185,,,,
AN101376,SPRING TORSION CLUTCH LEVER,11,15,,,,
AN101379,GEAR 1ST SPEED,687,982,,,,
AN101391,ASSEMBLY CLUTCH CABLE & HT COIL BKT,133,190,,,,
AN101406,HOUSING ASSY- SATELLITE GEAR,706,"1,009",,,,
AN101407,DRIVE SHAFT ASSLY,"4,837","6,910",,,,
AN101418,VALVE INTAKE,229,327,,,,
AN101419,KIT BARSHAFT(36AN0028),"1,015","1,450",,,,
AN101420,BREATHER PIPE,49,70,,,,
AN101421,RUBBER COUPLING CNG,77,110,,,,
AN101423,BRACKET FOR OILCOOLER FL,20,28,,,,
AN101431,VALVE EXHAUST (36AA4033),221,315,,,,
AN101434,GEAR BEVEL SG. HSG. SIDE,452,645,,,,
AN101435,GEAR BEVEL DIFF. GEAR SIDE,457,653,,,,
AN101436,GEAR IDLER,866,"1,237",,,,
AN101437,GEAR REVERSE,540,772,,,,
AN101438,GEAR DIFFERENTIAL (M 2.5),"1,301","1,859",,,,
AN101448,INSERT RESTRICTOR - ELBOW,91,130,,,,
AN101468,ENGINE ASSEMBLY,"70,000","100,000",,,,
AN101472,SILENCER ASSLY,"5,375","7,678",,,,
AN101474,MUFFLER ASSEMBLY,"3,325","4,750",,,,
AN101478,PIPE ASSEMBLY A,"2,632","3,760",,,,
AN101486,HEAD CYLINDER,"2,681","3,830",,,,
AN101488,CLUTCH COMPLETE,"2,810","4,014",,,,
AN101489,HOUSING ASSEMBLY CLUTCH,"1,280","1,828",,,,
AN101492,HOOK,20,29,,,,
AN101498,CHARGER MOBILE,77,110,,,,
AN101552,MANIFOLD INTAKE,410,585,,,,
AN101554,ENGINE ASSEMBLY,"80,500","115,000",,,,
AN101563,PINION PRIMARY,301,430,,,,
AN111009,ROTOR ASSLY ( FOR AA111150-ASSLY),"1,862","2,660",,,,
AN111013,STATOR ASSEMBLY(200CC),"1,470","2,100",,,,
AN111043,COIL HT LH WITH CABLE,238,340,,,,
AN111052,CDI ASSLY,"1,274","1,820",,,,
AN111078,CDI,"1,746","2,494",,,,
AN121184,BELLOW -INTAKE ELBOW COMPLETE,147,210,,,,
AN121201,MANIFOLD INTAKE,106,151,,,,
AN121205,COOLER -OIL ( NEW AA102195 ),"1,596","2,280",,,,
AN121206,BRACKET OIL COOLER MTG,91,130,,,,
AN121207,GUARD -OIL COOLER,112,160,,,,
AN121215,DUCT A/F INLET COMPLETE,224,320,,,,
AN121234,CARBURETTOR,"2,071","2,959",,,,
AN121248,FILTER ASSEMBLY AIR,812,"1,160",,,,
AN121251,PUMP FUEL VACUUM,"3,010","4,300",,,,
AN121252,BRACKET PUMP FUEL,42,60,,,,
AN121255,TUBE VACUUM-PUMP FUEL,168,240,,,,
AN121259,SPACER ASSLY PUMP FUEL,93,133,,,,
AN121293,FILTER ASSEMBLY AIR,946,"1,352",,,,
AN131007,CAP - OIL FILLING,18,25,,,,
AN131018,BOLT DIFFERENTIAL - PRE COATING (GC-CNG),13,18,,,,
AN131022,SPRING TENSION,28,40,,,,
AN141069,ASSLY FUEL TANK WELDED,"2,079","2,970",,,,
AN141079,TAP FUEL,210,300,,,,
AN141084,SLEEVE FILTER TO CARBURATOR,18,25,,,,
AN141119,FILLER ASSLY FUEL,399,570,,,,
AN141120,HOSE FILLER FUEL,147,210,,,,
AN141124,PIPE TANK FUEL TO FILTER,12,17,,,,
AN141126,PIPE NRV TO PUMP FUEL,20,28,,,,
AN141130,PIPE ASSLY PUMP FEED-CARBURATOR,126,180,,,,
AN141131,PIPE BREATHER FUEL,119,170,,,,
AN141132,PIPE FILTER FUEL-NRV,13,18,,,,
AN141133,PIPE JOINT T-JOINT,118,169,,,,
AN141134,PIPE JOINT-TANK,74,105,,,,
AN141139,JOINT,7,10,,,,
AN141149,TANK ASSEMBLY FUEL,"3,206","4,580",,,,
AN141154,PIPE ASSEMBLY TANK-JOINT,427,610,,,,
AN141156,PIPE ASSEMBLY INJECTOR-JOINT,357,510,,,,
AN161048,LINER: BATTERY BASE TRAY,91,130,,,,
AN161074,CLAMP ASSEMBLY BATTERY,63,90,,,,
AN161075,ROD TIE BATTERY,21,30,,,,
AN161220,DASHBOARD,"1,288","1,840",,,,
AN161263,ASSLY ENGINE MTG MEMBER RR,"1,379","1,970",,,,
AN161316,PLATE ASSLY ELECTRICAL-REAR,378,540,,,,
AN161334,BRACKET ENGINE FRONT,294,420,,,,
AN161336,COVER ASSLY PIPE FUEL,259,370,,,,
AN161343,MEMBER ASSEMBLY ENGINE REAR,"1,253","1,790",,,,
AN161356,BRACKET ASSEMBLY ECU,147,210,,,,
AN191056,CABLE GEAR WHITE,308,440,,,,
AN191058,CABLE CHOKE,259,370,,,,
AN191060,CABLE CLUTCH,434,620,,,,
AN191061,CABLE COMPLETE SPEEDOMETER,329,470,,,,
AN191062,CABLE GEAR BLACK,308,440,,,,
AN191064,CABLE INNER SPEEDO,91,130,,,,
AN191068,CABLE REVERSE,399,570,,,,
AN191070,ASSEMBLY CABLE SPEEDOMETER,336,480,,,,
AN191071,CABLE INNER SPEEDOMETER,116,166,,,,
AN191080,CABLE ACCELERATOR,245,350,,,,
AN191082,SPEEDOMETER,"1,652","2,360",,,,
AN201071,HARNESS REAR RE CARGO PETROL,"3,605","5,150",,,,
AN201077,SENSOR LEVEL FUEL,294,420,,,,
AN201100,CABLE BATTERY- RE CARGO CNG,"2,184","3,120",,,,
AN201119,HARNESS WIRING FRONT PETROL,"2,058","2,940",,,,
AN201120,CLUSTER INSTRUMENT,"1,434","2,048",,,,
AN201152,HARNESS WIRING FRONT,"2,765","3,950",,,,
AN201153,HARNESS WIRING REAR,"8,631","12,330",,,,
AN201157,CABLE BATTERY,"2,247","3,210",,,,
AN201176,HARNESS WIRING REAR,"4,857","6,939",,,,
AN201190,HARNESS WIRING FRONT,"3,385","4,835",,,,
AN211001,SEAT ASSEMBLY : DRIVER,"1,652","2,360",,,,
AN211004,BACKREST ASSEMBLY DRIVER,875,"1,250",,,,
AN902541,SPANNER OIL FILTER-205FL ENGINE,"2,562","3,660",,,,
AP101149,PIN SHAFT RETAINER,3,5,,,,
AP101210,BOLT SOCKET,6,8,,,,
AP101220,HEX SOCKET HEAD BOLT,5,7,,,,
AP101257,KEY WOODRUFF - C'SHAFT MAG SIDE,7,10,,,,
AP101268,OIL SEAL MAG SIDE,13,18,,,,
AP111023,SWITCH NEUTRAL INTEGRATED CABLE,84,120,,,,
AP121074,CLIP HOSE,13,18,,,,
AP151002,AXLE FRONT WHEEL,357,510,,,,
AP151017,ASSEMBLY BACK PLATE FRONT,336,480,,,,
AP151031,FLANGE PANEL BRAKE,483,690,,,,
AP161047,TOP COVER FOR HANDLE BAR,64,92,,,,
AP161054,ASSEMBLY FRAME DRIVER SEAT,798,"1,140",,,,
AP201037,PLATE - ELECTRICAL UNITS FRONT,154,220,,,,
AP201058,CABIN LIGHT ASSLY,252,360,,,,
AT111042,BRACKET ASSEMBLY-ELECTRIC UNIT,217,310,,,,
AT111254,PLATE ASSEMBLY ELECTRICAL REAR,336,480,,,,
AT131406,CABLE CRADLE,53,76,,,,
AT351201,COIL ASSEMBLY IGNITION,364,520,,,,
AT351205,COIL ASSEMBLY IGNITION LH,532,760,,,,
AT402006,REGULATOR,"1,512","2,160",,,,
AT402007,REGULATOR,"1,680","2,400",,,,
AT402212,CABLE BATTERY,575,822,,,,
AT531007,CRANKSHAFT ASSEMBLY (AZ531000),"3,969","5,670",,,,
AT531008,SPROCKET,119,170,,,,
AU351201,COIL H.T. WITH CABLE-LH (AU351202),497,710,,,,
AU351202,COIL H.T. WITH CABLE-LH (AU351201),497,710,,,,
AU351203,COIL H.T. WITH CABLE -RH(AU351204),417,595,,,,
AU351204,COIL H.T. WITH CABLE -RH(AU351203),417,595,,,,
AU351205,BRACKET-HT COIL MOUNTING,126,180,,,,
AU402204,BOX ASSEMBLY FUSE,26,37,,,,
AU511002,HEAD CYLINDER,"3,255","4,650",,,,
AU511003,HEAD CYLINDER,"5,961","8,515",,,,
AU511005,CAMSHAFT ASSEMBLY (AU511006),"1,085","1,550",,,,
AU511006,CAMSHAFT (AA102003/AU511005),"1,064","1,520",,,,
AU541007,CRANKCASE MAGNETO SIDE,"4,410","6,300",,,,
AU541012,BRACKET-MAGNTO HRNSS-CRANKCASE,15,21,,,,
AU581007,FILTER AIR (OLD - AA121305),870,"1,243",,,,
AU581406,PIPE ASLY TANK TO INTK MANIFOLD,392,560,,,,
AU591001,SILENCER ASSEMBLY COMPLETE-FI,"35,000","50,000",,,,
AU591002,ASSEMBLY EXHAUST TUBE-FI,"2,146","3,065",,,,
AU601400,BASE FAN,91,130,,,,
AU611000,INJECTOR FUEL,"1,666","2,380",,,,
AU611200,BRACKET HARNESS HOLDING,6,8,,,,
AY113809,CAP LH,60,85,,,,
AY113810,CAP RH,60,85,,,,
AY141202,FLANGE WHEEL SIDE,419,598,,,,
AY171005,TANK ASSEMBLY FUEL,"1,967","2,810",,,,
AY171017,TANK ASSEMBLY FUEL,"2,513","3,590",,,,
AY171023,PIPE ASSEMBLY TANK-JOINT,456,652,,,,
AY171812,TAP FUEL,210,300,,,,
AY171818,PUMP FUEL VACUUM,"2,514","3,591",,,,
AY191007,SEAT ASSEMBLY DRIVER BLACK,"1,354","1,934",,,,
AY191009,HOOK SEAT DRIVER,50,71,,,,
AY191010,ASSEMBLY SEAT PASSENGER BROWN,"7,822","11,174",,,,
AY402216,HARNESS WIRING FRONT,"2,576","3,680",,,,
AY402217,HARNESS WIRING REAR,"10,605","15,150",,,,
AY402218,CABLE BATTERY POSITIVE,672,960,,,,
AY402228,HARNESS WIRING REAR,"12,396","17,708",,,,
AY501009,ENGINE ASSEMBLY,"83,720","119,600",,,,
AY511200,CAMSHAFT ASSEMBLY,"1,001","1,430",,,,
AY511202,CAMSHAFT ASSEMBLY,"1,001","1,430",,,,
AY581003,ASSEMBLY DUCT,408,583,,,,
AY581403,PIPE ASSEMBLY TANK-MANIFOLD,329,470,,,,
AZ111154,TRAY ASY-BATTRY_STARTER RELAY,259,370,,,,
AZ113406,ASSEMBLY ENG MOUNT RR CROSS MBR,700,"1,000",,,,
AZ113419,BRACKET ASSLY ENGINE FRONT,161,230,,,,
AZ122005,BUSH SILENT TA UG,189,270,,,,
AZ122007,ASSLY DIST PIECE TA TUBE,42,60,,,,
AZ122008,SHOCKABSORBER REAR SUSP UG,980,"1,400",,,,
AZ122009,SPRING REAR SUSP UG,945,"1,350",,,,
AZ122016,BOLT FLANGED,202,288,,,,
AZ122032,ASSEMBLY ARM TRAILING LH,"2,674","3,820",,,,
AZ122033,ASSEMBLY ARM TRAILING RH,"2,688","3,840",,,,
AZ131004,ASSEMBLY WHEEL RIM,"1,141","1,630",,,,
AZ131015,WHEEL 3.00BX10H2,"1,066","1,523",,,,
AZ131404,HOOK CRADLE LOCKING SP WH MTG UG,77,110,,,,
AZ131601,DRUM BRAKE,"1,155","1,650",,,,
AZ131603,HUB REAR,623,890,,,,
AZ131605,HUB FRONT,714,"1,020",,,,
AZ131606,FLANGE ASSEMBLY DRIVE,"1,001","1,430",,,,
AZ131803,LEVER ASSEMBLY BRAKE PARKING,609,870,,,,
AZ131805,BRACKET EQUALIZER,74,105,,,,
AZ131806,COVER EQUALIZER PBK UG,84,120,,,,
AZ131807,ASSEMBLY ROD FRONT PKB UG,252,360,,,,
AZ131808,CABLE BRAKE PARKING REAR,385,550,,,,
AZ131809,ASSLY BRAKE PIPE REAR 2,539,770,,,,
AZ131815,NUT SPECIAL PKB,17,24,,,,
AZ131816,ASSEMBLY ROD AND BRACKET UG,126,180,,,,
AZ131834,PANEL ASSEMBLY BRAKE FRONT,"1,603","2,290",,,,
AZ131835,PANEL ASSEMBLY BRAKE REAR LH,"1,687","2,410",,,,
AZ131836,PANEL ASSEMBLY BRAKE REAR RH,"1,687","2,410",,,,
AZ141221,ASSLY DRIVE SHAFT,"4,837","6,910",,,,
AZ151026,FORK ASSEMBLY,"6,699","9,570",,,,
AZ161003,CHOKE CABLE COMP,280,400,,,,
AZ161207,CABLE GEAR WHITE,301,430,,,,
AZ161208,CABLE GEAR BLACK,301,430,,,,
AZ161209,CABLE ACCELERATOR COMPLETE FL,217,310,,,,
AZ161212,CABLE REVERSE COMPLETE FL(NEWAA191115),297,424,,,,
AZ161213,KNOB CHOKE,18,25,,,,
AZ161215,CABLE SPEEDOMETER,315,450,,,,
AZ161220,SLEEVE PVC,89,127,,,,
AZ161229,CABLE BRAKE PARKING REAR RH,462,660,,,,
AZ171808,JOINT T,8,11,,,,
AZ181004,TRIM DOOR TOP-LH,91,130,,,,
AZ181005,TRIM DOOR BOTTOM-LH,85,122,,,,
AZ181006,TRIM DOOR TOP-RH,91,130,,,,
AZ181007,TRIM DOOR BOTTOM-RH,85,122,,,,
AZ181204,COVER TRIM,35,50,,,,
AZ181213,BRACKET COVER LOWER,28,40,,,,
AZ181401,FLAP MUD-REAR,147,210,,,,
AZ182401,TRIM PAD PASS BODY LH UG,119,170,,,,
AZ182402,TRIM PAD PASS BODY RH UG,119,170,,,,
AZ182403,CAP SPARE WHEEL MTG CUTOUT UG,12,17,,,,
AZ185001,GRILL AIR INTAKE SNORKEL TOP,126,180,,,,
AZ185002,GRILL AIR INTAKE SNORKEL BTM,84,120,,,,
AZ185003,PACKING SNORKEL COVER UG,84,120,,,,
AZ185010,ASSLY STEERING COVER,560,800,,,,
AZ186001,HOOD ASSEMBLY,"4,501","6,430",,,,
AZ191024,BACKREST ASSEMBLY DRIVER,882,"1,260",,,,
AZ211093,FRAME ASSEMBLY HOOD,"8,029","11,470",,,,
AZ231005,TOOL KIT,637,910,,,,
AZ231802,MAT FLOOR LOWER,"1,374","1,963",,,,
AZ231803,MAT FLOOR UPPER,"1,132","1,617",,,,
AZ233008,EMBLEM BAJAJ,26,37,,,,
AZ233009,EMBLEM MAXIMA,182,260,,,,
AZ233012,LABEL BAJAJ MAXIMA-WHITE,245,350,,,,
AZ233013,LABEL BAJAJ MAXIMA-BLACK,245,350,,,,
AZ233014,LABEL Z-MAXIMA BLACK,11,15,,,,
AZ233015,LABEL Z-MAXIMA WHITE,11,15,,,,
AZ241029,DAMPER BODY SIDE UPR,36,52,,,,
AZ241031,DAMPER SIDE DOOR UPR UG,18,25,,,,
AZ241032,DAMPER SIDE DOOR LWR UG,20,29,,,,
AZ241039,GUIDE KNOB MTG SIDE DOOR,7,11,,,,
AZ241401,ASSEMBLY HINGE SIDE DOOR LH UG,315,450,,,,
AZ241402,ASSEMBLY HINGE SIDE DOOR RH UG,315,450,,,,
AZ242002,LATCH DOOR LH,406,580,,,,
AZ242003,LATCH DOOR RH,406,580,,,,
AZ242004,PLATE STRIKER LATCH,81,115,,,,
AZ244017,ASSEMBLY HINGE EAC UG,124,177,,,,
AZ244026,CABLE DOOR HOLDING UG,102,145,,,,
AZ245000,LATCH ASSSEMBLY,160,229,,,,
AZ247000,ASSEMBLY HINGE RR UPPER DOOR UG,193,275,,,,
AZ351010,STATOR ASSEMBLY,"1,323","1,890",,,,
AZ351207,PLUG SPARK,116,165,,,,
AZ351209,ASSEMBLY COIL IGNITION LH,336,480,,,,
AZ351214,COIL ASSEMBLY IGNITION LH,532,760,,,,
AZ401001,ASSEMBLY TAILLAMP LH UG,593,847,,,,
AZ401002,ASSEMBLY TAILLAMP RH UG,592,845,,,,
AZ401400,SWITCH G O P CNG VERTICAL FL,175,250,,,,
AZ402005,REGULATOR ASSEMBLY,"2,033","2,904",,,,
AZ402403,SPEEDOMETER ASSLY,840,"1,200",,,,
AZ501014,GUARD MAGNETO,41,58,,,,
AZ511010,SLEEVE SPARK PLUG,119,170,,,,
AZ511201,VALVE INTAKE,245,350,,,,
AZ511202,VALVE EXHAUST,221,315,,,,
AZ511207,SHAFT ROCKER ARM INTAKE,39,55,,,,
AZ511208,SHAFT ROCKER ARM EXHAUST,36,52,,,,
AZ521003,GASKET -CYLINDER HEAD,126,180,,,,
AZ531000,ASSLY CRANKSHAFT (AT531007),"4,263","6,090",,,,
AZ531003,ROD CONNECTING,375,535,,,,
AZ551001,SHAFT CLUTCH RELEASE,108,154,,,,
AZ551003,SHAFT MAIN,"1,152","1,646",,,,
AZ551202,PINION PRIMARY,295,421,,,,
AZ551210,GEAR MULTIPLE,461,658,,,,
AZ551211,GEAR SPEED-2ND,497,710,,,,
AZ551212,GEAR SPEED-3RD,453,647,,,,
AZ551213,GEAR SPEED-4TH,422,603,,,,
AZ551404,CLUTCH HOUSING ASSLY,"1,190","1,700",,,,
AZ551602,GEAR DIFFERENTIAL,"1,234","1,763",,,,
AZ551603,GEAR REVERSE,550,785,,,,
AZ551604,GEAR IDLER,980,"1,400",,,,
AZ552604,GEAR FAREMETER,74,106,,,,
AZ571201,BRACKET OIL COOLER MTG.,189,270,,,,
AZ571202,BRACKET OIL COOLER 3RD SUPPORT,25,36,,,,
AZ571209,"PIPE COMPLETE, BANJO",105,150,,,,
AZ571212,GROMMET,13,18,,,,
AZ571213,COLLAR,14,20,,,,
AZ571219,PIPE ASSEMBLY OIL HOT,651,930,,,,
AZ571220,PIPE ASSEMBLY OIL COOL,651,930,,,,
AZ571226,COOLER OIL,"1,680","2,400",,,,
AZ571227,GUARD COOLER OIL,119,170,,,,
AZ571228,BRACKET ASSLY COOLER OIL,366,523,,,,
AZ571230,BRACKET SUPPORT COOLER,24,34,,,,
AZ571231,PIPE ASSEMBLY OIL COOL,762,"1,089",,,,
AZ571232,PIPE ASSEMBLY OIL HOT,693,990,,,,
AZ581009,ARRESTER BACK FIRE,18,26,,,,
AZ581018,PIPE AIR INTAKE UPPER,287,410,,,,
AZ581024,CLIP DUCT AIR BODY END,37,53,,,,
AZ581026,CLAMP,19,27,,,,
AZ581033,ASSLY BELLOW PIPE A/F INLET,217,310,,,,
AZ581034,PIPE AIR FILTER INLET,231,330,,,,
AZ581047,TUBE BREATHER,175,250,,,,
AZ581075,ASSEMBLY ELBOW RUBBER,281,401,,,,
AZ581095,DUCT ASSEMBLY FILTER AIR OUTLET,413,590,,,,
AZ581097,SLEEVE MANIFOLD,56,80,,,,
AZ581111,FILTER ASSEMBLY AIR,952,"1,360",,,,
AZ581214,KIT_JET -(36AZ0015),329,470,,,,
AZ581231,BRACKET BODY THROTTLE,39,55,,,,
AZ581409,MANIFOLD ASSEMBLY,224,320,,,,
AZ591064,GASKET EXHAUST (JE591002 ),77,110,,,,
AZ601403,FAN,112,160,,,,
AZ601405,ASSLY FAN COVER,441,630,,,,
AZ601408,CAP COVER HEAD,168,240,,,,
AZ601409,CAP SEALING MANIFOLD,27,39,,,,
AZ601410,COWLING ASSLY. EXHAUST,305,435,,,,
AZ601413,COWLING INTAKE SIDE,126,180,,,,
AZ601414,PAD,53,76,,,,
AZ601421,BASE FAN,91,130,,,,
AZ611200,BODY THROTTLE,"3,993","5,704",,,,
AZ611201,BODY THROTTLE ASSEMBLY,"4,286","6,123",,,,
AZ621011,TUBE CONNECTING-I ASSY COMP,315,450,,,,
AZ621016,TUBE STARTING ASSY. COMPLETE,721,"1,030",,,,
AZ621019,ASSEMBLY STARTING HANDLE,595,850,,,,
AZ621022,SUPPORT ASY WITH SPINDLE & LEVER,"1,141","1,630",,,,
AZ621202,LEVER STARTER,337,481,,,,
BA102004,PLUG,13,18,,,,
BA102160,ISOLATOR - RUBBER (GEAR BOX),147,210,,,,
BA103035,ASSEMBLY CUP AIR SUCTION,85,122,,,,
BA122062,PIPE - BAND,23,33,,,,
BA132045,WASHER - TAB,3,5,,,,
BA132141,BLOCK - SLIDER,34,49,,,,
BA133057,PIN-HARD CHROME,126,180,,,,
BA133058,BELLOW SPHERICAL LARGE ( 24131074 ),231,330,,,,
BA133059,BELLOW LINEAR SMALL,175,250,,,,
BA133060,CLAMP EAR,20,29,,,,
BA133062,RUBBER BUFFER-SBO 60 OZ ( OLD - BG141253 ),25,35,,,,
BA133064,SLIDER BLOCK WITH CROSS HOLES,88,125,,,,
BA161029,PACKING - BATTERY CLAMP,55,78,,,,
BA171007,BUSH - RUBBER :- REAR SHOCKABSORBER,23,33,,,,
BA171008,CUM WASHER TOP SIDE,10,14,,,,
BA201067,"BATTERY 12V, 32AH","6,377","9,110",,,,
BA231058,DOOR REAR DOOR ED COATED,"1,190","1,700",,,,
BB121029,FLAP AIR INTAKE,17,24,,,,
BB131024,CLAMP-2,33,47,,,,
BB131040,HOSE CLAMP - DIA.60,30,43,,,,
BB133066,SLEEVE DRIVE SHAFT,105,150,,,,
BB151026,HOSE BREAK FRONT,641,915,,,,
BB151030,REAR HUB,546,780,,,,
BB151031,BEARING HUB,"1,295","1,850",,,,
BB151034,SEAL FL,51,73,,,,
BB151039,HUB REAR,322,460,,,,
BB151052,SPACER DAMPENING PLATE,8,12,,,,
BB151062,SPRING KIT FR. LH,34,49,,,,
BB151063,SPRING KIT RH,36,52,,,,
BB151064,SHOE CLAMP SPRING KIT,35,50,,,,
BB151073,ASSEMBLY BRAKE PIPE REAR1,133,190,,,,
BB151075,ASSEMBLY BRAKE PEDAL WITH PAD FL,294,420,,,,
BB151087,LEVER ASSEMBLY BRAKE PARKING,546,780,,,,
BB151088,PULLER ASSEMBLY BRAKE PARKING,287,410,,,,
BB161096,HOUSING HEADLAMP LH,245,350,,,,
BB161097,HOUSEING HEADLAMP RH,245,350,,,,
BB161100,TRIM UPPER LARGE LH,121,173,,,,
BB161101,TRIM UPPER LARGE RH,118,168,,,,
BB161107,RUBBER BELLOW FL,147,210,,,,
BB161130,BRACKET KNOB MOUNTING,140,200,,,,
BB161171,ASSEMBLY GUARD REAR FL,"1,057","1,510",,,,
BB161182,BRACKET TAIL LAMP MTG LH,231,330,,,,
BB161184,ASSLY BKT TLAMP & NO PLATE,287,410,,,,
BB161244,MUDFLAP REAR LH,88,126,,,,
BB161245,MUDFLAP REAR RH,84,120,,,,
BB171036,BUSH RR SHOCKER PRE COMPRESSED,88,126,,,,
BB171038,SPRING REAR SUSPENSION,"1,134","1,620",,,,
BB171051,ASSEMBLY ARM TRAILING LH,"3,605","5,150",,,,
BB171052,ASSEMBLY ARM TRAILING RH,"3,605","5,150",,,,
BB171055,PIECE ASSEMBLY DISTANCE-TA,70,100,,,,
BB181010,SPACER FORK FRONT RE445I,91,130,,,,
BB181012,FORK ASSLY,"7,231","10,330",,,,
BB181034,RACE BEARING UPPER-INNER,160,228,,,,
BB181035,BALL WITH CAGE-SOLID OIL,77,110,,,,
BB181036,RACE BEARING UPPER-OUTER,214,306,,,,
BB181037,BALL WITH CAGE-SOLID OIL,147,210,,,,
BB181039,RACE BEARING LOWER OUTER,410,585,,,,
BB181040,RACE BEARING LOWER INNER,226,323,,,,
BB191033,CLAMP FL,15,21,,,,
BB191053,SLEEVE FOR CABLES,74,105,,,,
BB201018,KIT_BATTERY LOCK WITH KEY(36BB0033),126,180,,,,
BB201070,SPRING HEAD LAMP MOUNTING,3,5,,,,
BB201078,LIGHT ASSY HEAD LH WITH LAMP FL,665,950,,,,
BB201079,SCREW TAPPING PAN CROSS,651,930,,,,
AU611000,INJECTOR FUEL,"1,621","2,316",,,,
BB201105,LAMP ASSEMBLY TAIL-RH,665,950,,,,
BB201109,CABLE TAILAMP WITH HOLDER LH,156,223,,,,
BB201110,CABLE TAILAMP WITH HOLDER RH,156,223,,,,
BB221004,JACK ASSLY,896,"1,280",,,,
BB221015,MUDFLAP FRONT,140,200,,,,
BB221017,MIRROR MAXIMA LH,413,590,,,,
BB221018,MIRROR MAXIMA RH,413,590,,,,
BB231271,PLUG : MAT FIXING,3,5,,,,
BB231658,LABEL MAXIMA BLACK,175,250,,,,
BB231720,MAT FLOOR FRONT LH,950,"1,357",,,,
BB231721,MAT FLOOR FRONT RH,437,624,,,,
BF131417,VALVE V2.03.4,29,42,,,,
BF131428,TUBE 4.00-10,504,720,,,,
BF131707,NUT AXLE M16,67,95,,,,
BF131710,BOLT M10,20,29,,,,
BF131722,BEARING 30X55X13,252,360,,,,
BF131723,SEAL 41X60X7,44,63,,,,
BF131887,CLAMP,17,24,,,,
BF161137,PULLEY,17,24,,,,
BF161138,PIN PIVOT,16,23,,,,
BF161139,BRACKET EQUALIZER-L,18,25,,,,
BF161175,BUSH PKB EQUALIZER,12,17,,,,
BF161283,CLIP CABLE LOCK,18,26,,,,
BF161296,CLIP LOCKING REVRSE CABLE,6,8,,,,
BF171847,CLAMP FUEL PIPE,19,27,,,,
BF172126,CLAMP HOSE CNG,23,33,,,,
BF185019,CLIP PLASTIC RIVET,13,18,,,,
BF186066,CLIP,9,13,,,,
BF211941,BRACKET ASSLY ECU (BF211948),62,89,,,,
BF211948,BRACKET ASSLY ECU (BF211941),62,89,,,,
BF241152,CLIP,8,11,,,,
BF243141,BEADING FRONT RH,161,230,,,,
BF351237,COIL IGNITION,385,550,,,,
BF351262,PAD ECU,6,8,,,,
BF403407,FM RADIO 6 POLE COUPLER,"3,542","5,060",,,,
BF521217,PIN PISTON,75,107,,,,
BF551613,SEAL OIL,56,80,,,,
BF581207,THROTTLE BODY ASSEMBLY Ø33,"4,319","6,170",,,,
BF581419,SLEEVE MANIFOLD,46,65,,,,
BF601014,CLAMP HOSE BYPASS,14,20,,,,
BG113804,CLAMP BRAKE PIPE,6,9,,,,
BG131802,CABLE ASSY HAND BRAKE FRONT(AA151057-NEW),273,390,,,,
BG141252,RUBBER BUFFER,14,20,,,,
BG141253,RUBBER BUFFER (NEW BA133062),24,34,,,,
BG233002,EMBLEM BAJAJ RE FOR SCUDO,230,328,,,,
BG581006,CLAMP AIR FILTER,102,145,,,,
BG581404,DAMPER,11,15,,,,
BG581405,MESH AIR INTAKE,15,22,,,,
BH111056,BELLOW,140,200,,,,
BH111071,CAP WIPER MOTOR BIG FL,8,11,,,,
BH111088,GROMMET SHIELD HEADLAMP BKT,3,5,,,,
BH111092,GROMMET WIRING HARNESS FL,4,6,,,,
BH113411,RUBBER ISOLATOR,217,310,,,,
BH113805,ASSEMBLY TRAY BATTERY FL,252,360,,,,
BH121002,STRAP CABLE (210X6),11,15,,,,
BH121004,ASSEMBLY FRONT DAMPER FL,761,"1,087",,,,
BH121005,SPRING FRONT SUSPENSION FL,455,650,,,,
BH122028,SPACER RING TA IGUS,4,6,,,,
BH122039,ASSEMBLY TRAILING ARM LH UG,"2,695","3,850",,,,
BH122040,ASSEMBLY TRAILING ARM RH UG,"2,695","3,850",,,,
BH131006,PANEL ASSEMBLY BRAKE FRONT,"2,365","3,378",,,,
BH131009,TYRE 4.00 - 10,"3,220","4,600",,,,
BH131010,TYRE WITH TUBE 6-PR 4.00-10,"3,521","5,030",,,,
BH131021,HUB FRONT,686,980,,,,
BH131023,DRUM BRAKE,"1,148","1,640",,,,
BH131024,TUBE ASSEMBLY,77,110,,,,
BH131029,TYRE 4.00-10 TUBELESS,"4,316","6,165",,,,
BH131206,CAP HUB REAR FL,24,34,,,,
BH131212,ASSEMBLY BRAKE PANEL RR LH FL,"1,400","2,000",,,,
BH131213,PANEL ASSEMBLY BRAKE REAR RH,"1,400","2,000",,,,
BH131217,ASSEMBLY DRIVE FLANGE,"1,051","1,502",,,,
BH131220,HUB REAR,455,650,,,,
BH131403,BOLT - M10X1.25XL65XBRTXSTEPPED,62,88,,,,
BH131404,KNOB SPARE WHEEL FL,42,60,,,,
BH131405,CAP ANTI-THEFT FL,35,50,,,,
BH131406,KIT_SPARE WHEEL LOCK (36BH0029) WITH KEY,126,180,,,,
BH131407,ASSEMBLY CAP SPARE WHEEL FL,111,158,,,,
BH131600,SPACER ASSLY,125,179,,,,
BH131803,ASSEMBLY TMC WITH HOSE FL(24151258),"1,351","1,930",,,,
BH131804,HOSE BRAKE FRONT,518,740,,,,
BH131813,LEVER PARKING BRAKE LH FL (24151177),46,65,,,,
BH131814,LEVER PARKING BRAKE RH FL,35,50,,,,
BH131817,SPRING - HEAD LAMP MTG,11,15,,,,
BH151007,COVER DUST LOWER FL,48,68,,,,
BH151008,COVER DUST TOP FL,29,42,,,,
BH151009,SPACER FORK FRONT FL,63,90,,,,
BH151062,FORK ASSEMBLY,"7,540","10,771",,,,
BH151065,STEERING PLATE UPPER (AB181023),98,140,,,,
BH151066,STEERING PLATE UPPER,84,120,,,,
BH151089,BRACKET ASSEMBLY HOSE BRAKE,26,37,,,,
BH151092,RACE INNER UPPER,112,160,,,,
BH151093,CAGE-BALL (AB181017 -OLD),35,50,,,,
BH151094,COVER BEARING UPPER,9,13,,,,
BH151095,RACE OUTER UPPER,154,220,,,,
BH151096,RACE OUTER LOWER,329,470,,,,
BH151097,RACE INNER LOWER,147,210,,,,
BH161017,ASSEMBLY BKT BRAKE PEDAL MTG FL,252,360,,,,
BH161019,ASSEMBLY BRAKE PEDAL WITH PAD FL,308,440,,,,
BH161027,SPRING BRAKE PEDAL,21,30,,,,
BH171803,SLEEVE PUMP TO ENGINE,14,20,,,,
BH171813,PIPE FUEL BREATHER UG,98,140,,,,
BH181204,COUPLER BOX FL,91,130,,,,
BH181402,PLATE FOR MUDFLAP,18,26,,,,
BH181405,PLATE MUDFLAP SUPPORT LH,25,36,,,,
BH181406,PLATE MUDFLAP SUPPORT RH,25,36,,,,
BH184000,GLASS GREEN WINDSHLD ONE PIECEFL,"4,613","6,590",,,,
BH191019,BACKREST DRIVER,713,"1,019",,,,
BH191032,BRACKET SEAT BASE MTG,21,30,,,,
BH191061,SEAT ASSEMBLY PASSENGER,"6,152","8,788",,,,
BH191075,ASSEMBLY FRAME DRIVER SEAT UG,"1,218","1,740",,,,
BH191077,BRACKET ASSEMBLY HINGE MOUNTING,50,72,,,,
BH211051,BRACKET HOOK UPPER DOOR,9,13,,,,
BH211057,BOLT FLANGED STEP M6X1,6,8,,,,
BH211077,BOLT HEX WITH FLANGE,16,23,,,,
BH211158,RUBBER DAMPER REAR DOOR LOWER,6,8,,,,
BH211163,RUBBER DAMPER REAR DOOR UPPER,6,9,,,,
BH211165,KNOB REAR DOOR LOWER,24,34,,,,
BH211201,PLATE ASSEMBLY LINK,21,30,,,,
BH241800,LATCH DOOR REAR UPPER,133,190,,,,
BH401016,LAMP PLATE NUMBER,168,240,,,,
BH402600,TANK UNIT(AA201363),273,390,,,,
BH402607,SENSOR LEVEL FUEL,308,440,,,,
BH551409,SPRING,11,15,,,,
BH551420,PLUG,13,18,,,,
BH551421,DUSTSHIELD,13,18,,,,
BH551800,CLIP LOCK DRIVE SHAFT,2,3,,,,
BH581010,CLIP ELBOW LOWER END,18,25,,,,
BH581024,ELBOW RUBBER UPPER,84,120,,,,
BH581025,ELBOW RUBBER TOP,123,176,,,,
CB121046,SCERW,6,8,,,,
CE181015,NUT -CLIP:M4X0.7-FR BLNK ON H'BAR COV-FR,7,10,,,,
CEAT 4.00-10,TT Lyfemax Ceat 4.00-10,"1,610","2,300",,,,
CEAT 4.00-8,TIRE W/ TUBE ( CEAT ) 4.00 - 8,"1,260","1,800",,,,
CEAT 4.50-10,TIRE WITH TUBE 4.50-10,"1,610","2,300",,,,
CL201023,LAMP :- 12V-35/35W-HS1 FOR USA,105,150,,,,
CM101129,WASHER - PLAIN,2,3,,,,
CM191049,CLIP - SPRING,3,5,,,,
CM201054,"LAMP :- 12V - 2W, WITHOUT CAP",13,18,,,,
CPR8EB-9,NGK SPARK PLUG,91,130,,,,
DD101062,BOLT,6,8,,,,
DD111012,GROMMET FOR H. T. CABLE,17,24,,,,
DD141227,BOLT - FLANGED,5,7,,,,
DD161071,NUT - U :- M10 X 1.25 X HEIGHT 6.5,20,29,,,,
DF101055,SCREW - TAPPET (FORGED ROUTE),18,26,,,,
DG101029,COLLET,6,8,,,,
DG101262,CLAMP,9,13,,,,
DG101263,CLAMP,15,21,,,,
DG101498,GASKET,4,5,,,,
DG121040,CLAMP,4,5,,,,
DG141019,DAMPER,16,23,,,,
DG161124,DAMPER,20,28,,,,
DG161224,DAMPER,35,50,,,,
DG191064,NUT - FLANGE,2,3,,,,
DG201084,FUSE :- 30 AMPS (BLADE TYPE),11,15,,,,
DH101141,RACK,67,96,,,,
DH101180,LEVER ASSEMBLY,39,55,,,,
DH101275,NUT - SPECIAL,7,10,,,,
DH101661,PLUG DRAIN (MAGNETIC) (DU101223),30,43,,,,
DH101795,CLUTCH LIFTER BEARING,147,210,,,,
DH111013,GROMMET - SPARK PLUG,17,24,,,,
DH121038,CLAMP (45 TO 48),23,33,,,,
DH191037,LAMP 12V,40,57,,,,
DJ101064,GASKET - EXHAUST,53,75,,,,
DJ181065,NUT - CLIP :- M6,6,9,,,,
DJ201072,LAMP - POSITION :- 12V / 5W,14,20,,,,
DJ201109,SWITCH FRONT BRAKE MICROSWITCH,98,140,,,,
DK101064,CAM CHAIN (100 LINKS),207,295,,,,
DK101067,ROD CONNECTING,385,550,,,,
DK101097,DAMPER AXIAL ( RUBBER ),25,35,,,,
DK101236,BOLT SPECIAL BANJO OIL COOLER,17,24,,,,
DK101237,WASHER COPPER OIL COOLER,7,10,,,,
DK101247,RETAINER VALVE SPRING,23,33,,,,
DK101277,BRACKET UPPER (OIL COOLER PIPE),17,24,,,,
DK101278,BRACKET LOWER OIL COOLER PIPE,4,6,,,,
DK101340,O RING (OIL COOLER PIPE),7,10,,,,
DK101352,O-RING SPROCKET COLLAR(17.5*1.5),3,5,,,,
DK101449,SPRING RELIEF VALVE (4 BAR),2,3,,,,
DK101453,PIN COMPLETE CRANK,281,401,,,,
DK101472,WASHER PRESSURE RELIEF VALVE,1,2,,,,
DK101503,ENGINE TEMPERATURE SENSOR (M10),168,240,,,,
DK101751,SHAFT ROCKER ARM EXHAUST,32,45,,,,
DK101755,ROCKER ARM ASSY.,343,490,,,,
DP101154,PLUG,8,11,,,,
DP121025,CLAMP,2,3,,,,
DS101234,SPRING - BREATHER PIPE,1,2,,,,
DS101276,SPROCKET - CAM DRIVEN :- 32 TEETH,47,67,,,,
DS101277,TENSIONER ASSEMBLY,214,305,,,,
DS121126,PLUG,4,5,,,,
DS161125,CABLE GUIDE,16,23,,,,
DT122015,PLATE SWING ARM,8,11,,,,
DU101223,PLUG DRAIN (MAGNETIC) (DH101661),32,45,,,,
DU101228,BOLT FLANGED,3,5,,,,
DU141228,FUEL COCK ASSY,203,290,,,,
DX101074,SCREW PAN CROSS M6 PRECOATED,3,5,,,,
DZ121048,TUBE OVERFLOW CARB.,6,9,,,,
EC131821,CONNECTOR 2 WAY HEX,53,76,,,,
EC131835,CLIP HOSE,10,14,,,,
EC541004,ADAPTER- OIL FILTER,51,73,,,,
EE521220,KIT PISTON PIN GUDGEON FL 4S (36AA4067),91,130,,,,
GF101139,GROMMET,9,13,,,,
GF141020,HOLDER FILTER FUEL,8,11,,,,
GF141027,FILTER FUEL,50,72,,,,
GF161156,BOLT(STEP) - M6 X 1 - OLIVE,6,9,,,,
GH201012,LAMP :- 12V - 10W (COLOUR :- AMBER),39,55,,,,
I000001079,BAJAJ GENUINE OIL SPECIAL SAE 20-504W API SL,203,290,,,,
I000001209,Diagnostic Tool ECU FOODG0112-770,"21,000","30,000",,,,
I000001358,EXTRA SEAT,665,950,,,,
I000001366,TYRE WITH TUBE 400 - 8 )SWALLOW ),980,"1,400",,,,
I000001367,CROCODILE JACK 2T,"1,820","2,600",,,,
I000001368,SANWA MULTI TESTER,"2,800","4,000",,,,
I000001369,TORQUE WRENCH 1/2 150 LBS.,"3,080","4,400",,,,
I000001370,WARRANTY BOOK,91,130,,,,
I000001452,DO IT PAINT - BLUE SP,420,600,,,,
I000001453,DO IT PAINT - GREEN SP,420,600,,,,
I000001454,DO IT PAINT - RED SP,420,600,,,,
I000001455,DO IT PAINT - WHITE SP,420,600,,,,
I000001456,DO IT PAINT - YELLOW SP,420,600,,,,
I000001470,VEE RUBBER INNER TUBE 4.00-10/4.50-10,175,250,,,,
I000001606,S6603 4.00-10 TUBELESS TIRE (SOBEK),"1,470","2,100",,,,
I000001726,GLASS GREEN WINDSHIELD (COMGLASCO),"2,450","3,500",,,,
I000001774,GLASS WINDSHIELD (GENUINE BRAND),"3,920","5,600",,,,
I000001781,FRAME HOOD BRACKET,263,375,,,,
I000001793,HYDRAULIC PIVOT PIN REMOVER (20TONS),"14,000","20,000",,,,
I000001862,BAJAJ GENUINE OIL ( MOTORCYCLE ),161,230,,,,
JA541019,MESH FILTER OIL PUMP,67,95,,,,
JA541020,O-RING MESH FILTER OIL PUMP,3,5,,,,
JA551421,PLATE JUDDER,88,126,,,,
JA551422,SPRING JUDDER,70,100,,,,
JA581012,TUBE DRAIN,28,40,,,,
JA581221,NEEDLE VALVE ASSEMBLY,119,170,,,,
JA581223,MIXING CAP ASSLY KIT,95,135,,,,
JA581232,O-RING(FCB),23,33,,,,
JA581314,DRAIN SCREW,19,27,,,,
JB581202,THROTTLE POSITION SENSOR,140,200,,,,
JD401032,BULB 12V 5W E-MARKED,14,20,,,,
JD402217,BAND(L 150),3,5,,,,
JE351407,SENSOR TEMPERATURE ENGINE,210,300,,,,
JE591002,GASKET EXHAUST ( AZ591064 ),46,65,,,,
JF181324,FOAM BELLY PAN,6,8,,,,
JF351404,EPM44 MTB SERIES FOR PRODN (ECU),"4,830","6,900",,,,
JF581209,CLAMP CONNECTING SIDE,44,63,,,,
JG171029,SPRING BAND CLAMP 11.5 X 8.4,10,14,,,,
JG351805,SENSOR TMAP,"1,085","1,550",,,,
JG511010,O2 SENSOR,"3,436","4,909",,,,
JG541230,CAP OIL FILLING,21,30,,,,
JG581015,INSERT,14,20,,,,
JG581424,FIXING SCREW,6,9,,,,
JG581442,CLAMP INTAKE PIPE,48,68,,,,
JG591100,DAMPER SILENCER MOUNTING LOWER,21,30,,,,
JG611006,CLIP INJECTOR CLIP,29,42,,,,
JG611206,MOTOR STEPPER (IACV),"1,036","1,480",,,,
JH171802,PUMP FUEL,"4,361","6,230",,,,
JH171803,GASKET FUEL PUMP MTG,56,80,,,,
JH171804,PLATE PRESSURE,49,70,,,,
JH511207,ASSEMBLY ROCKER ARM C101,333,475,,,,
JL113828,CLAMP SAI HOSE MTG,20,28,,,,
JL171096,GASKET FUEL COCK,15,21,,,,
JL403000,INTERLOCK RELAY,147,210,,,,
JL403001,RELAY AUX1DIODE,147,210,,,,
JL511205,ROCKER ARM SHAFT,46,65,,,,
JL511227,SCREW TAPPET (need to order rocker assly-JH511207),21,30,,,,
JL611000,INJECTOR CAP O RING,3,5,,,,
JN351604,STARTER RELAY-GROMMET,385,550,,,,
JP351439,ECU (alt. AA111229),"5,481","7,830",,,,
JP403000,RELAY STARTER,460,657,,,,
JP591065,SENSOR OXYGEN,"2,233","3,190",,,,
JS876L 4.00-8,TUBE TIRE 4.00-8 (SOBEK) ( L TYPE ),105,150,,,,
JS876S 4.00-8,TUBE TIRE 4.00-8 (SOBEK) ( STRAIGHT ),105,150,,,,
JU581006,CLAMP CONNECTING TUBE,50,72,,,,
JU581014,CLAMP,45,64,,,,
JV541007,BOLT FLANGED-M6X1XL35XCL 8.8XBRT,4,6,,,,
JY113844,CLAMP BRAKE HOSE,27,39,,,,
JY113872,PAD RESTING ECU C SAMPLE LH,23,33,,,,
JY113873,PAD RESTING ECU C SAMPLE RH,23,33,,,,
JY113874,DAMPER ECU C SAMPLE MTG TOP,6,8,,,,
JY113877,DAMPER ECU LOCATOR,2,3,,,,
JY171070,SPRING BAND CLAMP 10.5 X8.4,9,13,,,,
JY171090,SPRING BOARD CLAMP 13X12,13,18,,,,
JY402246,PIGTAIL COOLANT TEMP SENSOR RC MY16 (JY402006),133,190,,,,
JY403604,SENSOR ROLL OVER MY16,315,450,,,,
JZ611000,INJECTOR,"1,316","1,880",,,,
KAAA0514,BOLT-KAA ST-A DIA-05 L-14,1,2,,,,
KAAA0516,BOLT-KAA ST-A DIA-05 L-16,1,2,,,,
KAAA0518,BOLT,1,2,,,,
KAAA0525,BOLT-KAA ST-A DIA-05 L-25,2,3,,,,
KAAA0614,BOLT-KAA ST-A DIA-06 L-14,2,3,,,,
KAAA0825,BOLT-KAA ST-A DIA-08 L-25,6,8,,,,
KAAA0830,BOLT,6,8,,,,
KAAD0520,BOLT-KAA ST-D DIA-05 L-20,2,3,,,,
KAAD0525,BOLT-KAA ST-D DIA-05 L-25,2,3,,,,
KAAD0614,BOLT-KAA ST-D DIA-06 L-14,2,3,,,,
KAAG0870,BOLT,15,21,,,,
KAAG0875,BOLT-KAA ST-G DIA-08 L-75,17,24,,,,
KAAG0885,BOLT-KAA ST-G DIA-08 L-85,18,26,,,,
KACA0645,BOLT MASTER KAC,8,11,,,,
KACC0835,BOLT-SOCKET-KAC ST-C DIA-08 L-35,12,17,,,,
KACH0835,BOLT SOCKET,12,17,,,,
KADA0510,BOLT FLANGE KAD,2,3,,,,
KADA0512,BOLT FLANGED M5 L12,2,3,,,,
KADA0516,BOLT FLANGE KAD,2,3,,,,
KADA0612,BOLT FLANGED,2,3,,,,
KADA0614,BOLT-FLANGE-KAD ST-A DIA-06 L-14,2,3,,,,
KADA0618,BOLT-FLANGE-KAD ST-A DIA-06 L-18,3,5,,,,
KADA0620,BOLT-FLANGE-KAD ST-A DIA-06 L-20,3,5,,,,
KADA0814,BOLT-FLANGE-KAD ST-A DIA-08 L-14,4,6,,,,
KADC0612,BOLT FLANGED,2,3,,,,
KADC0616,BOLT FLANGED,2,3,,,,
KADD0514,BOLT-FLANGE-KAD ST-D DIA-05 L-14,2,3,,,,
KADD0530,BOLT FLANGED,2,3,,,,
KADD0612,BOLT FLANGED,3,5,,,,
KADD0618,BOLT FLANGED,4,5,,,,
KADD0620,BOLT-FLANGE-KAD ST-D DIA-06 L020,3,5,,,,
KADD0630,BOLT-FLANGE-KAD ST-D DIA-06 L-30,5,7,,,,
KADD0814,BOLT FLANGED,6,8,,,,
KADD0816,BOLT-FLANGE-KAD ST-D DIA-08 L-16,6,8,,,,
KADD0818,BOLT FLANGED,7,10,,,,
KADD0825,BOLT-FLANGE-KAD ST-D DIA-08 L-25,8,11,,,,
KADD0840,BOLT-FLANGE-KAD ST-D DIA-08 L-40,9,13,,,,
KADD08A5,BOLT FLANGED-M8X1.25XL105XBRIGHT,18,26,,,,
KADD1030,BOLT-FLANGE-KAD ST-D DIA-10 L-30,14,20,,,,
KADD1060,BOLT-FLANGE-KAD ST-D DIA-10 L-60,21,30,,,,
KADF0616,BOLT FLANGED,3,5,,,,
KADF0625,BOLT FLANGED,3,5,,,,
KADF0816,BOLT FLANGED,6,9,,,,
KADF0820,BOLT FLANGED,6,9,,,,
KAEA0612,BOLT-FLANGE-KAE ST-A DIA-06 L-12,2,3,,,,
KAED0510,BOLT FLANGED-SMALL,1,2,,,,
KAED0516,BOLT-FLANGE-KAE ST-D DIA-05 L-16,2,3,,,,
KAED0610,BOLT-FLANGE-KAE ST-D DIA-06 L-10,2,3,,,,
KAED0614,BOLT-FLANGE-KAE ST-D DIA-06 L-14,2,3,,,,
KAED0618,BOLT-FLANGE-KAE ST-D DIA-06 L-18,3,5,,,,
KAED0620,BOLT-FLANGED-SMALL (HT COIL BOL,3,5,,,,
KAED0622,BOLT-FLANGED-SMALL,3,5,,,,
KAED0625,BOLT-FLANGE-KAE ST-D DIA-06 L-25,4,6,,,,
KAED0630,BOLT-FLANGE-KAE ST-D DIA-06 L-30,4,5,,,,
KAED0640,BOLT FLANGED SMALL,4,6,,,,
KAED0650,BOLT-FLANGED-SMALL,6,8,,,,
KAED0665,BOLT FLANGED-SMALL,6,9,,,,
KAED06A5,BOLT FLANG SMAL-M6X1XL105XBRIGHT,9,13,,,,
KAEM0610,BOLT FLANGED,2,3,,,,
KAEW0635,BOLT FLANGE SMAL-M6X1XL35XBRIGHT,8,11,,,,
KBAA0412,SCREW-PAN+-,5,8,,,,
KBAA0420,SCREW-PAN+-,1,2,,,,
KBAC0614,SCREW-PAN,2,3,,,,
KBBA0406,SCREW PAN CROSS,1,2,,,,
KBBA0412,SCREW PAN CROSS,1,2,,,,
KBBA0516,SCREW PAN CROSS,4,6,,,,
KBBA0525,SCREW PAN CROSS,2,3,,,,
KBBA0616,SCREW PAN CROSS,2,3,,,,
KBBC0514,SCREW PAN CROSS,1,2,,,,
KBBC0516,SCREW PAN CROSS,1,2,,,,
KBCA0410,SCREW CSK CROSS,1,2,,,,
KBCA0614,SCREW CSK CROSS,1,2,,,,
KBCA0816,SCREW CSK - CROSS,8,11,,,,
KBCD0430,SCREW CSK CROSS,6,8,,,,
KBDC0425,SCREW CSK RD CROS-M4X0.7XL25XGRN,1,2,,,,
KBRA3510,SCREW TAPPING PAN CROSS,1,2,,,,
KBRA4219,SCREW TAPPING PAN SLOTTED,3,5,,,,
KBRA4819,SCREW TAPPING PAN CROSS,2,3,,,,
KBRB3513,SCREW TAPPING PAN CROSS,1,2,,,,
KBRB3525,SCREW TAPPING PAN SLOTTED,4,6,,,,
KBRC3516,SCREW TAPPING PAN CROSS,1,2,,,,
KBUA0510,SCREW TRUSS,1,2,,,,
KBUA0620,SCREW TRUSS,3,5,,,,
KBUC0410,SCREW TRUSS M4 X 0.7P,1,2,,,,
KBUC0510,SCREW TRUSS,1,2,,,,
KBUC0614,SCREW TRUS,2,3,,,,
KBUC0620,SCREW TRUSS-M6X1XL 20XOLIVE GRN,3,5,,,,
KCAA0504,NUT HEX THICK,1,2,,,,
KCAA1210,NUT HEX THICK,6,8,,,,
KCAD1008,NUT HEX THICK,3,5,,,,
KCAD1411,NUT HEX THICK,11,16,,,,
KCBA0805,NUT HEX THIN-M8X1.25XHT.5XBRIGHT,1,2,,,,
KCBD1006,NUT HEX THIN,2,3,,,,
KCEA0605,NUT DOMED CAP SINGLE PIECE,6,8,,,,
KCGA0505,NUT HEX FLANGED,2,3,,,,
KCGA0606,NUT HEX FLANGED,2,3,,,,
KCGA0808,NUT HEX FLANGED,4,6,,,,
KCGC0606,NUT HEX FLANGED,2,3,,,,
KCGD0606,NUT HEX FLANGED,2,3,,,,
KCGD0808,NUT HEX FLANGED,4,6,,,,
KCGF0606,NUT HEX FLANGED-M6X1XCL 8XGREEN,2,3,,,,
KCGF0808,NUT HEX FLANGED-M8X1.25XCL 8XGRN,4,6,,,,
KCHA0507,NUT NYLOC,2,3,,,,
KCHA0809,NUT NYLOC,4,6,,,,
KCHA1417,NUT NYLOC,18,26,,,,
KCKA0609,NT NYLOC FLANGED,4,5,,,,
KCKA0811,NUT NYLOC FLANGED,8,12,,,,
KCKA1216,NUT NYLOC FLANGED,23,33,,,,
KCKC0811,NUT NYLOC FLANGE,9,13,,,,
KDAA0408,WASHER_PLAIN_SMALL,1,2,,,,
KDAA0816,WASHER-KDA-OD/ID/THK-16/8.5/1.2,1,2,,,,
KDAA1222,WASHER PLAIN SMALL,2,3,,,,
KDAB0611,WASHER PLAIN SMALL-6.5X11.5XT0.8,1,2,,,,
KDAB1018,WASHER PLAIN SMALL,1,2,,,,
KDAC0816,WASHER PLAIN SMALL,1,2,,,,
KDBA0512,WASHER PLAIN,1,2,,,,
KDBA0818,WASHER PLAIN,1,2,,,,
KDBA1226,WASHER_PLAIN,4,5,,,,
KDBA1632,WASHER PLAIN,6,8,,,,
KDBB0512,WASHER PLAIN,1,2,,,,
KDBB0818,WASHER PLAIN,1,2,,,,
KDBB1022,WASHER PLAIN,2,3,,,,
KDBC0818,WASHER PLAIN,1,2,,,,
KDDB0612,WASHER SPRING THIN,1,2,,,,
KDDB0815,WASHER SP THN-ID8.1XOD14.8XT2,1,2,,,,
KDDB1018,WASHER SPRING THIN,3,4,,,,
KDDB1221,WASHER SPRING THIN,2,3,,,,
KEAA1010,CIRCLIP EXTERNAL,2,3,,,,
KEBB4217,CIRCLIP INTERNAL,11,15,,,,
KEBB4717,CIRCLIP 47X17,18,26,,,,
KEBB5520,INTERNAL CIRCLIP,23,33,,,,
KEBB6825,CIRCLIP,39,55,,,,
KECA0415,CIRCLIP-TYPE-E-,14,20,,,,
KECA6008,CIRCLIP TYPE - E,1,2,,,,
KFAB4050,KEY WOODRUFF,9,13,,,,
KHAA2018,PIN COTTER,1,2,,,,
KHAA2020,PIN COTTER,1,2,,,,
KHAA2025,PIN COTTER,1,2,,,,
KHCA0432,PIN SPRING-DIA. 4.4XL 32,4,5,,,,
KHDA0306,PIN DOWEL,4,6,,,,
KJAA2024,O RING,3,5,,,,
KJAA3035,O RING,6,9,,,,
KJAB1424,O RING,4,5,,,,
KJAC1824,O RING,14,20,,,,
KMAA0800,BALL STEEL,1,2,,,,
KPAF6004,BEARING BALL-ORD CLEARANCE & HN3,147,210,,,,
KPBB6007,BEARING BALL C3,231,330,,,,
KPBC6004,BEARING-BALL-C3 CLEARANCE,140,200,,,,
KPBC6204,BEARING-BALL-C3 CLEARANCE(39255020),140,200,,,,
KPBC6301,BEARING-BALL-C3 CLEARANCE(39236220),149,213,,,,
KPBF6305,BEARING-BALL-C3 CLEARANCE(39256120),294,420,,,,
LAA00014,BOLT-M8X1.25XL 16XCL 8.8XBRIGHT,7,10,,,,
LAA00022,BOLT -M7X1XL23XCL12.9XPHOSPHATIS,8,12,,,,
LAA00033,BOLT -M8X1.25XL57XBRIGHTXSTEPPED,42,60,,,,
LAC00008,SCREW BUTTON HEAD-M6X1XL20XBLACK,6,9,,,,
LAC00025,BOLT SOCKET M5X0.8,4,5,,,,
LAC00029,BOLT SOCKET HEAD,4,6,,,,
LAC00035,BOLT-SOCKET-M8,12,17,,,,
LAC00044,BOLT - SOCKET - M-8,23,33,,,,
LAC00102,BOLT SOCKET-M6X1XL 8XCL 8.8XGRN,4,6,,,,
LAD00018,BOLT FLANGED M5X0.8X10,1,2,,,,
LAD00035,"BOLT FLANGE M6X1-40L, PRE COATED",6,8,,,,
LAD00062,BOLT FLANGED M6X1X105L,14,20,,,,
LAD00064,BOLT FLANGED-M6X1XL 20 XPRE-COAT,4,6,,,,
LAD00067,BOLT FLANGED-M5X0.8XL 15XSTEPPED,3,5,,,,
LAD00068,BOLT FLANGED-M10X1.25XL88XCL10.9,42,60,,,,
LAD00124,BOLT FLANGE-M10X1.25XL55XDACRO,42,60,,,,
LAD00136,BOLT FLANGED-M12X1.25XL91.4XCL10.9,84,120,,,,
LAD00164,BOLT FL-M10X1.5XL78.5XCL12.9XDCR,70,100,,,,
LAD00180,BOLT FLANGE-M8X1.25XL 23XPRECOAT,20,28,,,,
LAD00216,BOLT - FLANGED -M10 X 1.5P X L85,32,46,,,,
LAD00246,BOLT FLANGED M10X1.25,60,85,,,,
LAE00017,BOLT FLANGED M6X1X10L-PRECOATED,6,8,,,,
LAE00019,BOLT FLANGED M5X0.8PX8L,2,3,,,,
LAE00023,BOLT FLANG SMAL-M6X1XL47XPRECOAT,6,9,,,,
LAE00045,BOLT FLANG-M8X1.25XL27XCL10.9XBR,10,14,,,,
LAG00008,BOLT WP-M8X1.25XL 40XCL 8.8XBRT,13,18,,,,
LAH00001,BOLT WSP,10,14,,,,
LAJ00001,"BOLT-STUD M6, PRE COATED",11,15,,,,
LAJ00016,BOLT STUD-M8X1.25XL25XCL 10.9XBRT,10,14,,,,
LBC00004,SCREW CSK CROSS-M6X1XL12XPRECOAT,2,3,,,,
LBU00009,SCREW MUSHROOM HEAD,2,3,,,,
LBU00015,SCREW -TRUSS-M5X0.8XL30XTAPEREND,3,5,,,,
LBU00047,SCREW TRUSS FLANGED M5X0.8,4,5,,,,
LBU00051,SCREW TRUSS TAPER-WASHER L30,4,6,,,,
LBU00063,SCREW TRUS-M4X0.7XL12XGRNXSTEPED,1,2,,,,
LCA00018,NUT HEX M10X1.5P,6,8,,,,
LCA00025,NUT HEX M12X1.25 LH,6,8,,,,
LCD00002,NUT NUT -M39X1.5XHEIGHT 25,88,125,,,,
LCG00017,NUT HEX FLANGE-M10X1.5XHT.11XGRN,14,20,,,,
LCG00020,NUT HEX. FLANGE-M8X1.25XCL 8XBRT,4,5,,,,
LCL00002,NUT FLANGED-M6X1XHT.6XCL4,2,3,,,,
LDA00002,WASHER PLAIN SMALL,1,2,,,,
LDA00028,WASHER PLAIN-ID 8.5XOD 16XTHK 2,1,2,,,,
LDA00032,WASHER PLAIN,3,5,,,,
LDA00034,WASHER PLAIN-ID8.2XOD 14XT 2XBLK,1,2,,,,
LDB00015,WASHER PLAIN-ID 6.5XOD 20XT 2XBR,2,3,,,,
LDB00032,WASHER PLAIN-ID 10.2XOD 26XTHK 3,4,6,,,,
LDB00047,WASHER PLAIN-ID 10.3XOD 26XTHK 8,40,57,,,,
LDB00049,WASHER PLAIN-ID10.5XOD27XTHK 2.5,12,17,,,,
LDB00074,WASHER PLAIN-ID5.5XOD14XT0.8XBLK,1,2,,,,
LDF00001,WASHER - LOCK TOOTHED,1,2,,,,
LDH00012,WASHER CONICAL-ID34XOD 65XTHK3.8,48,68,,,,
LHC00001,PIN SPRING GEAR COTR.TUBE-DI,4,5,,,,
LHD00005,PIN DOWEL-DIA. 8XL 15,27,38,,,,
LJA00003,O'RING (INSULATOR),14,20,,,,
LJA00004,STRAINER O RING,4,5,,,,
LJA00014,RING O-ID 27.7 X SECT. DIA. 2.1,2,3,,,,
LJA00024,RING O-ID 6.3 X SECT. DIA. 1.9,6,8,,,,
LJA00025,O RING FR.15.05.2018,6,8,,,,
LJA00038,RING O-ID 25.7XSECT. DIA. 3.5,6,8,,,,
NS40L,BATTERY (IMARFLEX),"1,750","2,500",,,,
PD511229,SPROCKET CAMSHAFT,50,72,,,,
PF511258,SPROCKET CAMSHAFT,81,115,,,,
RA402230,HARNESS WIRING REAR,"4,459","6,370",,,,
RA511001,GUIDE CHAIN SLACK SIDE,140,200,,,,
RA511002,GUIDE CHAIN TIGHT SIDE,69,98,,,,
RA511005,HEAD CYLINDER,"3,136","4,480",,,,
RA511202,CHAIN,198,283,,,,
RA511204,VALVE INTAKE,300,429,,,,
RA521200,PISTON ASSEMBLY,"1,051","1,502",,,,
RA531000,CRANKSHAFT ASSEMBLY,"4,242","6,060",,,,
RA541001,CRANKCASE MAGNETO SIDE,"4,053","5,790",,,,
RC113801,ASSLY AIR FILTER CLAMP,266,380,,,,
RC581003,PIPE A/F INLET,356,508,,,,
RC581400,ASSEMBLY AIR INTAKE CARGO CNG,"1,302","1,860",,,,
S2205 4.00-8,TIRE 4.00-8 (SOBEK),980,"1,400",,,,
VRM 395 4.00-8,TIRE WITH TUBE (VEE RUBBER) 4.00-8,"1,190","1,700",,,,
VRM 414 4.50-10,TIRE W/ TUBE ( VEE RUBBER ) 4.50-10,"1,400","2,000",,,,
YANSE001,STRAINER FUEL PUMP,288,411,,,,
YAU02001,STRAINER PUMP FUEL FOR AA201375,266,380,,,,
YAZ08012,WHEEL CYLINDER ASSEMBLY,469,670,,,,
YAZ08019,PROTECTION PLUG,20,29,,,,
24171198,pivot pin new,130,185,,,,